id_partido,nombre_local,resultado_local,nombre_visitante,resultado_visitante,parciales_local,parciales_visitante,fecha_partido,arbitro1,arbitro2,arbitro3,pista_partido,direccion_partido
2341452,HLA ALICANTE,92,RIOVERDE CLAVIJO,56,"28,21,30,13","6,15,19,16",06/10/2023 - 20:45,"CHECA NEBOT, DANIEL","ARESTE GIRALT, EVA","ARRESA QUINTERO, JOSE MARIA",Centre de Tecnificació Esportiva d’Alacant,Alicante/Alacant (Alicante)
2341453,HESTIA MENORCA,66,MELILLA CIUDAD DEL DEPORTE,83,"15,14,19,18","18,26,20,19",07/10/2023 - 19:30,"ALBACETE CHAMON, ANGEL ANTONIO","LEZCANO, LEANDRO NICOLÁS","COLOMER CASTELLO, EDUARD",Pavelló Menorca,Mahón (Illes Balears)
2341454,GRUPO URETA TIZONA BURGOS,92,UEMC REAL VALLADOLID BALONCESTO,86,"20,20,26,26","33,16,21,16",06/10/2023 - 20:45,"MARTIN VAZQUEZ, CRISTIAN","PALANCA PAGE, RODRIGO","CAAMAÑO MUÑOZ, JORGE",POLIDEPORTIVO MUNICIPAL EL PLANTIO,Burgos (Burgos)
2341455,CACERES PATRIMONIO DE LA HUMANIDAD,60,MOVISTAR ESTUDIANTES,83,"14,14,18,14","25,24,19,15",06/10/2023 - 21:15,"LEMA PARGA, PAULA","HURTADO ALMANSA, JUAN RAMON","RODRIGUEZ FERNANDEZ, PABLO",PABELLÓN MULTIUSOS CIUDAD DE CÁCERES,Cáceres (Cáceres)
2341456,ICG FORÇA LLEIDA,75,GUUK GIPUZKOA BASKET,68,"15,21,19,20","17,15,19,17",06/10/2023 - 21:00,"DE LUCAS DE LUCAS, ANGEL","ZAMORA RODRIGUEZ, ANTONIO MANUEL","DOMINGO VILALTA, JORDI",0-PAVELLO BARRIS NORD,Lleida (Lleida)
2341457,BALONCESTO FUENLABRADA,73,GRUPO ALEGA CANTABRIA,78,"17,19,16,21","30,14,14,20",07/10/2023 - 18:30,"ZAFRA GUERRA, FRANCISCO JOSE","BÁEZ BATISTA, HÉCTOR","VILLANUEVA TENA, JAVIER","3664-3664-FERNANDO MARTIN, PABELLON",Fuenlabrada (Madrid)
2341458,CLUB OURENSE BALONCESTO,93,AMICS CASTELLÓ,80,"21,20,19,33","17,18,26,19",07/10/2023 - 19:00,"ESTEVE MALMIERCA, IGOR","MARTINEZ PRADA, JESUS MARCOS","ADAN RODRIGUEZ, CRISTINA",PAZO DOS DEPORTES PACO PAZ,Ourense (Ourense)
2341459,ALIMERKA OVIEDO BALONCESTO,75,LONGEVIDA SAN PABLO BURGOS,71,"17,11,18,20","9,26,14,10",07/10/2023 - 18:00,"RIAL BARREIRO, JACOBO","IBAÑEZ GARCIA, FERNANDO","GOMEZ HERNANDEZ, AITOR",POLIDEPORTIVO MUNICIPAL DE PUMARIN,Oviedo (Asturias)
2341460,REAL BETIS BALONCESTO,77,LEYMA CORUÑA,81,"14,21,25,17","17,29,10,25",06/10/2023 - 20:30,"GARCIA LEON, CARLOS JAVIER","AVILA ZURITA, JAVIER","CHUECA MORENO, ARIADNA",PALACIO MUNICIPAL DE DEPORTES SAN PABLO,Sevilla (Sevilla)
2341461,LONGEVIDA SAN PABLO BURGOS,79,ICG FORÇA LLEIDA,66,"19,16,28,16","22,17,17,10",14/10/2023 - 21:00,"LOPEZ HERRADA, ENRIQUE MIGUEL","CARPALLO MIGUELEZ, JUAN GABRIEL","FANES MARGINET, JOAN",COLISEUM BURGOS,Burgos (Burgos)
2341462,AMICS CASTELLÓ,90,CACERES PATRIMONIO DE LA HUMANIDAD,86,"24,20,29,17","27,17,25,17",13/10/2023 - 20:30,"SANCHEZ GONZALEZ, SANDRA","GOMEZ LUQUE, JAIME","MARTINEZ ESTOPIÑAN, FERNANDO",PAB MUNI CIUTAT CASTELLO,Castellón de la Plana/Castelló (Castellón)
2341463,LEYMA CORUÑA,79,HLA ALICANTE,74,"24,12,24,19","17,13,32,12",15/10/2023 - 18:00,"FRANQUESA VAZQUEZ, POL","BÁEZ BATISTA, HÉCTOR","ESPIAU GUARNER, ELENA",PALACIO DE LOS DEPORTES CORUÑA,"Coruña, A (A Coruña)"
2341464,GUUK GIPUZKOA BASKET,76,GRUPO URETA TIZONA BURGOS,74,"16,20,13,27","17,10,17,30",15/10/2023 - 17:00,"BAENA CRIADO, JORGE","OLIVARES BERNABEU, JOSEP MARIA","CALVO ACEÑA, ALEJANDRO",ANGULAS AGUINAGA ARENA,Donostia-San Sebastián (Guipúzcoa)
2341465,RIOVERDE CLAVIJO,62,REAL BETIS BALONCESTO,56,"18,17,12,15","11,15,16,14",15/10/2023 - 12:00,"MUÑOZ GARCIA, JORGE","MARQUETA GRACIA, JOSE JAVIER","Acevedo Perera, Sergio",Palacio de los Deportes de La Rioja,Logroño (La Rioja)
2341466,MOVISTAR ESTUDIANTES,76,ALIMERKA OVIEDO BALONCESTO,87,"21,7,24,24","22,22,17,26",15/10/2023 - 18:30,"ESTEVE MALMIERCA, IGOR","MAS CAGIDE, VICTOR","BORREGO RODRIGUEZ, JAVIER",1030-1030-1030-WIZINK CENTER,Madrid (Madrid)
2341467,GRUPO ALEGA CANTABRIA,76,CLUB OURENSE BALONCESTO,80,"12,15,18,18","13,16,21,4",14/10/2023 - 20:00,"QUINTAS ALVAREZ, ASIER","MUNAR BAÑON, PEDRO ALEJANDRO","MEIRA GONZÁLEZ, CHRISTIAN",PABELLÓN VICENTE TRUEBA,Torrelavega (Cantabria)
2341468,UEMC REAL VALLADOLID BALONCESTO,70,HESTIA MENORCA,66,"22,12,25,11","14,21,15,16",14/10/2023 - 19:00,"LIZANA MORENO, JOAQUIN","GONZALEZ CUERVO, FRANCISCO","RODRIGUEZ FERNANDEZ, PABLO",0-POLIDEPORTIVO PISUERGA,Valladolid (Valladolid)
2341469,MELILLA CIUDAD DEL DEPORTE,65,BALONCESTO FUENLABRADA,87,"19,18,8,20","23,17,33,14",13/10/2023 - 20:00,"CAÑIGUERAL NOVELLA, MIKEL","GARCIA CRESPO, MARIA ANGELES","DIZ FELIPE, IMANOL",PABELLÓN DE DEPORTES JAVIER IMBRODA ORTIZ,Melilla (Melilla)
2341470,HLA ALICANTE,54,UEMC REAL VALLADOLID BALONCESTO,75,"13,6,20,15","21,9,18,27",20/10/2023 - 20:30,"ZAFRA GUERRA, FRANCISCO JOSE","LANGA DE MARTIN, ASUNCION","GOMEZ HERNANDEZ, AITOR",Centre de Tecnificació Esportiva d’Alacant,Alicante/Alacant (Alicante)
2341471,HESTIA MENORCA,85,AMICS CASTELLÓ,65,"21,21,17,26","13,12,30,10",21/10/2023 - 19:30,"CHECA NEBOT, DANIEL","GARVIN DOMINGO, RODRIGO","MURILLO KHON, NICOLÁS",Pavelló Menorca,Mahón (Illes Balears)
2341472,CACERES PATRIMONIO DE LA HUMANIDAD,90,MELILLA CIUDAD DEL DEPORTE,76,"27,28,19,16","19,24,19,14",20/10/2023 - 20:45,"BAENA CRIADO, JORGE","MARTIN VAZQUEZ, CRISTIAN","Alejo Sanchez, Andrea",PABELLÓN MULTIUSOS CIUDAD DE CÁCERES,Cáceres (Cáceres)
2341473,LEYMA CORUÑA,119,GRUPO ALEGA CANTABRIA,90,"33,30,31,25","13,23,23,31",22/10/2023 - 18:00,"MAS CAGIDE, VICTOR","PALANCA PAGE, RODRIGO","CERVANTES FERNANDEZ, DANIEL",PALACIO DE LOS DEPORTES CORUÑA,"Coruña, A (A Coruña)"
2341474,ICG FORÇA LLEIDA,66,GRUPO URETA TIZONA BURGOS,86,"13,21,16,16","24,18,17,27",20/10/2023 - 21:00,"LEMA PARGA, PAULA","MORALES Gª-ALCAIDE, JUAN P.","MARTINEZ ESTOPIÑAN, FERNANDO",0-PAVELLO BARRIS NORD,Lleida (Lleida)
2341475,BALONCESTO FUENLABRADA,64,LONGEVIDA SAN PABLO BURGOS,72,"17,14,17,16","23,15,18,16",21/10/2023 - 18:00,"DE LUCAS DE LUCAS, ANGEL","HURTADO ALMANSA, JUAN RAMON","CAAMAÑO MUÑOZ, JORGE","3664-3664-FERNANDO MARTIN, PABELLON",Fuenlabrada (Madrid)
2341476,CLUB OURENSE BALONCESTO,68,RIOVERDE CLAVIJO,51,"14,14,13,27","15,17,16,3",21/10/2023 - 19:00,"AVILA ZURITA, JAVIER","IBAÑEZ GARCIA, FERNANDO","SANHERMELANDO GARCIA, HECTOR",PAZO DOS DEPORTES PACO PAZ,Ourense (Ourense)
2341477,ALIMERKA OVIEDO BALONCESTO,81,GUUK GIPUZKOA BASKET,86,"20,18,24,19","18,19,19,30",22/10/2023 - 12:00,"GARCIA LEON, CARLOS JAVIER","CHUECA MORENO, ARIADNA","VILLANUEVA TENA, JAVIER",POLIDEPORTIVO MUNICIPAL DE PUMARIN,Oviedo (Asturias)
2341478,REAL BETIS BALONCESTO,77,MOVISTAR ESTUDIANTES,86,"13,14,23,27","27,10,24,25",20/10/2023 - 20:00,"RIAL BARREIRO, JACOBO","LEZCANO, LEANDRO NICOLÁS","ARESTE GIRALT, EVA",PALACIO MUNICIPAL DE DEPORTES SAN PABLO,Sevilla (Sevilla)
2341479,GRUPO URETA TIZONA BURGOS,109,ALIMERKA OVIEDO BALONCESTO,93,"28,31,22,28","16,28,26,23",27/10/2023 - 20:45,"LIZANA MORENO, JOAQUIN","MUÑOZ GARCIA, JORGE","DOMINGO VILALTA, JORDI",POLIDEPORTIVO MUNICIPAL EL PLANTIO,Burgos (Burgos)
2341480,AMICS CASTELLÓ,81,LONGEVIDA SAN PABLO BURGOS,94,"23,16,26,16","25,22,31,16",27/10/2023 - 20:30,"CAÑIGUERAL NOVELLA, MIKEL","MARQUETA GRACIA, JOSE JAVIER","RODRIGUEZ FERNANDEZ, PABLO",PAB MUNI CIUTAT CASTELLO,Castellón de la Plana/Castelló (Castellón)
2341481,GUUK GIPUZKOA BASKET,81,BALONCESTO FUENLABRADA,70,"14,19,24,24","19,15,19,17",27/10/2023 - 20:00,"LOPEZ HERRADA, ENRIQUE MIGUEL","MUNAR BAÑON, PEDRO ALEJANDRO","ADAN RODRIGUEZ, CRISTINA",ANGULAS AGUINAGA ARENA,Donostia-San Sebastián (Guipúzcoa)
2341482,RIOVERDE CLAVIJO,64,HESTIA MENORCA,55,"15,19,13,17","10,18,13,14",29/10/2023 - 12:00,"SANCHEZ GONZALEZ, SANDRA","ZAMORA RODRIGUEZ, ANTONIO MANUEL","BORREGO RODRIGUEZ, JAVIER",Palacio de los Deportes de La Rioja,Logroño (La Rioja)
2341483,MOVISTAR ESTUDIANTES,93,HLA ALICANTE,75,"24,29,32,8","21,21,21,12",29/10/2023 - 18:30,"ALBACETE CHAMON, ANGEL ANTONIO","GOMEZ LUQUE, JAIME","IBAÑEZ GARCIA, FERNANDO",1030-1030-1030-WIZINK CENTER,Madrid (Madrid)
2341484,CLUB OURENSE BALONCESTO,73,CACERES PATRIMONIO DE LA HUMANIDAD,61,"15,22,22,14","6,14,13,28",27/10/2023 - 21:00,"FRANQUESA VAZQUEZ, POL","GARVIN DOMINGO, RODRIGO","FANES MARGINET, JOAN",PAZO DOS DEPORTES PACO PAZ,Ourense (Ourense)
2341485,GRUPO ALEGA CANTABRIA,75,ICG FORÇA LLEIDA,63,"20,25,14,16","12,10,25,16",28/10/2023 - 19:00,"RIAL BARREIRO, JACOBO","MARTINEZ PRADA, JESUS MARCOS","Acevedo Perera, Sergio",PABELLÓN VICENTE TRUEBA,Torrelavega (Cantabria)
2341486,UEMC REAL VALLADOLID BALONCESTO,94,LEYMA CORUÑA,111,"30,23,19,22","32,26,20,33",28/10/2023 - 17:00,"DE LUCAS DE LUCAS, ANGEL","CHECA NEBOT, DANIEL","COLOMER CASTELLO, EDUARD",0-POLIDEPORTIVO PISUERGA,Valladolid (Valladolid)
2341487,MELILLA CIUDAD DEL DEPORTE,83,REAL BETIS BALONCESTO,87,"19,16,23,25","29,19,19,20",27/10/2023 - 20:15,"QUINTAS ALVAREZ, ASIER","BÁEZ BATISTA, HÉCTOR","ARRESA QUINTERO, JOSE MARIA",PABELLÓN DE DEPORTES JAVIER IMBRODA ORTIZ,Melilla (Melilla)
2341488,HLA ALICANTE,89,GRUPO ALEGA CANTABRIA,79,"27,18,21,23","22,14,21,22",01/11/2023 - 19:30,"CAÑIGUERAL NOVELLA, MIKEL","ZAMORA RODRIGUEZ, ANTONIO MANUEL","Alejo Sanchez, Andrea",Centre de Tecnificació Esportiva d’Alacant,Alicante/Alacant (Alicante)
2341489,HESTIA MENORCA,56,LEYMA CORUÑA,51,"13,18,12,13","17,14,12,8",01/11/2023 - 18:00,"LEMA PARGA, PAULA","ESTEVE MALMIERCA, IGOR","DOMINGO VILALTA, JORDI",Pavelló Menorca,Mahón (Illes Balears)
2341490,LONGEVIDA SAN PABLO BURGOS,94,UEMC REAL VALLADOLID BALONCESTO,69,"29,18,23,24","25,7,18,19",31/10/2023 - 21:00,"MORALES RUIZ, GERMAN FRANCISC0","MARTINEZ PRADA, JESUS MARCOS","DIZ FELIPE, IMANOL",COLISEUM BURGOS,Burgos (Burgos)
2341491,CACERES PATRIMONIO DE LA HUMANIDAD,85,RIOVERDE CLAVIJO,78,"23,21,16,25","26,14,17,21",01/11/2023 - 20:45,"ALBACETE CHAMON, ANGEL ANTONIO","LANGA DE MARTIN, ASUNCION","COLOMER CASTELLO, EDUARD",PABELLÓN MULTIUSOS CIUDAD DE CÁCERES,Cáceres (Cáceres)
2341492,ICG FORÇA LLEIDA,96,MELILLA CIUDAD DEL DEPORTE,62,"19,20,31,26","21,14,21,6",01/11/2023 - 20:30,"ZAFRA GUERRA, FRANCISCO JOSE","MAS CAGIDE, VICTOR","CERVANTES FERNANDEZ, DANIEL",0-PAVELLO BARRIS NORD,Lleida (Lleida)
2341493,MOVISTAR ESTUDIANTES,103,GRUPO URETA TIZONA BURGOS,85,"30,27,22,24","22,19,19,25",01/11/2023 - 13:00,"LOPEZ HERRADA, ENRIQUE MIGUEL","GARCIA CRESPO, MARIA ANGELES","ARRESA QUINTERO, JOSE MARIA",PABELLÓN MOVISTAR ACADEMY MAGARIÑOS,Madrid (Madrid)
2341494,BALONCESTO FUENLABRADA,85,AMICS CASTELLÓ,98,"11,26,26,22","27,26,20,25",31/10/2023 - 20:30,"GARCIA LEON, CARLOS JAVIER","MARTIN VAZQUEZ, CRISTIAN","CALVO ACEÑA, ALEJANDRO","3664-3664-FERNANDO MARTIN, PABELLON",Fuenlabrada (Madrid)
2341495,ALIMERKA OVIEDO BALONCESTO,87,CLUB OURENSE BALONCESTO,78,"23,31,16,17","20,19,18,21",31/10/2023 - 20:45,"MORALES Gª-ALCAIDE, JUAN P.","CARPALLO MIGUELEZ, JUAN GABRIEL","PALANCA PAGE, RODRIGO",POLIDEPORTIVO MUNICIPAL DE PUMARIN,Oviedo (Asturias)
2341496,REAL BETIS BALONCESTO,81,GUUK GIPUZKOA BASKET,83,"23,22,12,24","18,25,15,25",01/11/2023 - 12:30,"LIZANA MORENO, JOAQUIN","AVILA ZURITA, JAVIER","ESPIAU GUARNER, ELENA",PALACIO MUNICIPAL DE DEPORTES SAN PABLO,Sevilla (Sevilla)
2341497,GRUPO URETA TIZONA BURGOS,92,CACERES PATRIMONIO DE LA HUMANIDAD,87,"21,20,24,27","21,29,20,17",05/11/2023 - 18:30,"AVILA ZURITA, JAVIER","LEZCANO, LEANDRO NICOLÁS","VILLANUEVA TENA, JAVIER",POLIDEPORTIVO MUNICIPAL EL PLANTIO,Burgos (Burgos)
2341498,AMICS CASTELLÓ,83,ALIMERKA OVIEDO BALONCESTO,61,"21,21,23,18","11,21,13,16",04/11/2023 - 21:00,"BAENA CRIADO, JORGE","BÁEZ BATISTA, HÉCTOR","ARESTE GIRALT, EVA",PAB MUNI CIUTAT CASTELLO,Castellón de la Plana/Castelló (Castellón)
2341499,LEYMA CORUÑA,97,ICG FORÇA LLEIDA,81,"16,23,39,19","20,21,24,16",05/11/2023 - 20:00,"OLIVARES BERNABEU, JOSEP MARIA","GOMEZ LUQUE, JAIME","LOPEZ LECUONA, ALEJANDRO",PALACIO DE LOS DEPORTES CORUÑA,"Coruña, A (A Coruña)"
2341500,GUUK GIPUZKOA BASKET,87,HESTIA MENORCA,79,"23,20,21,23","24,21,25,9",05/11/2023 - 18:00,"ZAFRA GUERRA, FRANCISCO JOSE","MORALES Gª-ALCAIDE, JUAN P.","FANES MARGINET, JOAN",ANGULAS AGUINAGA ARENA,Donostia-San Sebastián (Guipúzcoa)
2341501,RIOVERDE CLAVIJO,73,MOVISTAR ESTUDIANTES,77,"16,15,22,20","22,18,21,16",05/11/2023 - 12:00,"GARCIA LEON, CARLOS JAVIER","RODRIGUEZ FERNANDEZ, PABLO","ESPIAU GUARNER, ELENA",Palacio de los Deportes de La Rioja,Logroño (La Rioja)
2341502,CLUB OURENSE BALONCESTO,68,BALONCESTO FUENLABRADA,80,"17,16,12,23","23,20,15,22",04/11/2023 - 19:00,"RIAL BARREIRO, JACOBO","GONZALEZ CUERVO, FRANCISCO","MURILLO KHON, NICOLÁS",PAZO DOS DEPORTES PACO PAZ,Ourense (Ourense)
2341503,GRUPO ALEGA CANTABRIA,72,LONGEVIDA SAN PABLO BURGOS,84,"16,17,24,15","24,18,23,19",05/11/2023 - 12:30,"LIZANA MORENO, JOAQUIN","CARPALLO MIGUELEZ, JUAN GABRIEL","CHUECA MORENO, ARIADNA",PABELLÓN VICENTE TRUEBA,Torrelavega (Cantabria)
2341504,UEMC REAL VALLADOLID BALONCESTO,72,REAL BETIS BALONCESTO,66,"23,16,12,21","14,19,17,16",04/11/2023 - 17:00,"SANCHEZ GONZALEZ, SANDRA","ESTEVE MALMIERCA, IGOR","BORREGO RODRIGUEZ, JAVIER",0-POLIDEPORTIVO PISUERGA,Valladolid (Valladolid)
2341505,MELILLA CIUDAD DEL DEPORTE,69,HLA ALICANTE,73,"14,17,17,21","17,15,25,16",05/11/2023 - 12:15,"MUÑOZ GARCIA, JORGE","HURTADO ALMANSA, JUAN RAMON","SANHERMELANDO GARCIA, HECTOR",PABELLÓN DE DEPORTES JAVIER IMBRODA ORTIZ,Melilla (Melilla)
2341506,HLA ALICANTE,71,GUUK GIPUZKOA BASKET,70,"9,24,17,21","17,22,10,21",10/11/2023 - 20:45,"LEMA PARGA, PAULA","MARTIN VAZQUEZ, CRISTIAN","MARTINEZ ESTOPIÑAN, FERNANDO",Centre de Tecnificació Esportiva d’Alacant,Alicante/Alacant (Alicante)
2341507,HESTIA MENORCA,50,CLUB OURENSE BALONCESTO,74,"12,16,13,9","15,17,18,24",12/11/2023 - 12:00,"CAÑIGUERAL NOVELLA, MIKEL","BAENA CRIADO, JORGE","LANGA DE MARTIN, ASUNCION",Pavelló Menorca,Mahón (Illes Balears)
2341508,LONGEVIDA SAN PABLO BURGOS,83,RIOVERDE CLAVIJO,66,"26,18,20,19","16,12,17,21",11/11/2023 - 17:00,"RIAL BARREIRO, JACOBO","MUNAR BAÑON, PEDRO ALEJANDRO","GARCIA CRESPO, MARIA ANGELES",COLISEUM BURGOS,Burgos (Burgos)
2341509,CACERES PATRIMONIO DE LA HUMANIDAD,84,LEYMA CORUÑA,81,"21,20,21,22","24,15,16,26",10/11/2023 - 20:45,"LOPEZ HERRADA, ENRIQUE MIGUEL","MUÑOZ GARCIA, JORGE","GOMEZ HERNANDEZ, AITOR",PABELLÓN MULTIUSOS CIUDAD DE CÁCERES,Cáceres (Cáceres)
2341510,ICG FORÇA LLEIDA,97,AMICS CASTELLÓ,82,"32,22,30,13","21,16,22,23",12/11/2023 - 19:30,"ALBACETE CHAMON, ANGEL ANTONIO","QUINTAS ALVAREZ, ASIER","CAAMAÑO MUÑOZ, JORGE",0-PAVELLO BARRIS NORD,Lleida (Lleida)
2341511,BALONCESTO FUENLABRADA,55,MOVISTAR ESTUDIANTES,80,"14,7,19,15","20,17,22,21",11/11/2023 - 18:30,"MAS CAGIDE, VICTOR","CHECA NEBOT, DANIEL","GARVIN DOMINGO, RODRIGO","3664-3664-FERNANDO MARTIN, PABELLON",Fuenlabrada (Madrid)
2341512,ALIMERKA OVIEDO BALONCESTO,71,MELILLA CIUDAD DEL DEPORTE,79,"23,15,17,16","19,26,21,13",11/11/2023 - 20:00,"DE LUCAS DE LUCAS, ANGEL","MARTINEZ PRADA, JESUS MARCOS","GONZALEZ CUERVO, FRANCISCO",POLIDEPORTIVO MUNICIPAL DE PUMARIN,Oviedo (Asturias)
2341513,GRUPO ALEGA CANTABRIA,81,UEMC REAL VALLADOLID BALONCESTO,82,"20,27,18,16","15,25,24,18",12/11/2023 - 12:30,"CARRERA ROSDEVALL, ERIC","OLIVARES BERNABEU, JOSEP MARIA","GOMEZ LUQUE, JAIME",PABELLÓN VICENTE TRUEBA,Torrelavega (Cantabria)
2341514,REAL BETIS BALONCESTO,84,GRUPO URETA TIZONA BURGOS,85,"24,26,21,13","14,25,28,18",10/11/2023 - 20:00,"MORALES Gª-ALCAIDE, JUAN P.","HURTADO ALMANSA, JUAN RAMON","CALVO ACEÑA, ALEJANDRO",PALACIO MUNICIPAL DE DEPORTES SAN PABLO,Sevilla (Sevilla)
2341515,HLA ALICANTE,83,BALONCESTO FUENLABRADA,79,"26,22,18,17","24,16,19,20",17/11/2023 - 21:00,"QUINTAS ALVAREZ, ASIER","CARPALLO MIGUELEZ, JUAN GABRIEL","DIZ FELIPE, IMANOL",Centre de Tecnificació Esportiva d’Alacant,Alicante/Alacant (Alicante)
2341516,GRUPO URETA TIZONA BURGOS,93,GRUPO ALEGA CANTABRIA,84,"27,25,22,19","27,23,15,19",18/11/2023 - 17:00,"ZAFRA GUERRA, FRANCISCO JOSE","PALANCA PAGE, RODRIGO","Acevedo Perera, Sergio",POLIDEPORTIVO MUNICIPAL EL PLANTIO,Burgos (Burgos)
2341517,AMICS CASTELLÓ,79,RIOVERDE CLAVIJO,72,"17,17,18,17","10,15,17,24",17/11/2023 - 20:30,"SANCHEZ GONZALEZ, SANDRA","IBAÑEZ GARCIA, FERNANDO","SANHERMELANDO GARCIA, HECTOR",PAB MUNI CIUTAT CASTELLO,Castellón de la Plana/Castelló (Castellón)
2341518,LEYMA CORUÑA,88,ALIMERKA OVIEDO BALONCESTO,77,"22,28,23,15","12,19,25,21",19/11/2023 - 19:00,"LIZANA MORENO, JOAQUIN","MUNAR BAÑON, PEDRO ALEJANDRO","Alejo Sanchez, Andrea",PALACIO DE LOS DEPORTES CORUÑA,"Coruña, A (A Coruña)"
2341519,GUUK GIPUZKOA BASKET,88,CACERES PATRIMONIO DE LA HUMANIDAD,64,"26,22,16,24","11,15,17,21",19/11/2023 - 17:00,"RIAL BARREIRO, JACOBO","HURTADO ALMANSA, JUAN RAMON","CERVANTES FERNANDEZ, DANIEL",ANGULAS AGUINAGA ARENA,Donostia-San Sebastián (Guipúzcoa)
2341520,MOVISTAR ESTUDIANTES,81,HESTIA MENORCA,56,"17,15,26,23","15,10,15,16",19/11/2023 - 18:30,"MORALES RUIZ, GERMAN FRANCISC0","MARQUETA GRACIA, JOSE JAVIER","VILLANUEVA TENA, JAVIER",1030-1030-1030-WIZINK CENTER,Madrid (Madrid)
2341521,CLUB OURENSE BALONCESTO,84,REAL BETIS BALONCESTO,83,"24,25,13,22","18,28,20,17",18/11/2023 - 20:00,"MARTIN VAZQUEZ, CRISTIAN","ZAMORA RODRIGUEZ, ANTONIO MANUEL","ARANZANA GARCIA, ALEJANDRO",PAZO DOS DEPORTES PACO PAZ,Ourense (Ourense)
2341522,UEMC REAL VALLADOLID BALONCESTO,80,ICG FORÇA LLEIDA,74,"19,27,15,19","24,13,18,19",18/11/2023 - 19:00,"FRANQUESA VAZQUEZ, POL","BÁEZ BATISTA, HÉCTOR","MURILLO KHON, NICOLÁS",0-POLIDEPORTIVO PISUERGA,Valladolid (Valladolid)
2341523,MELILLA CIUDAD DEL DEPORTE,79,LONGEVIDA SAN PABLO BURGOS,92,"14,20,21,24","28,28,23,13",17/11/2023 - 20:15,"AVILA ZURITA, JAVIER","GOMEZ LUQUE, JAIME","ADAN RODRIGUEZ, CRISTINA",PABELLÓN DE DEPORTES JAVIER IMBRODA ORTIZ,Melilla (Melilla)
2341524,HESTIA MENORCA,82,LONGEVIDA SAN PABLO BURGOS,90,"16,19,24,23","27,17,20,26",25/11/2023 - 20:30,"CARRERA ROSDEVALL, ERIC","CAAMAÑO MUÑOZ, JORGE","CALVO ACEÑA, ALEJANDRO",Pavelló Menorca,Mahón (Illes Balears)
2341525,GRUPO URETA TIZONA BURGOS,92,LEYMA CORUÑA,103,"19,23,26,24","25,32,25,21",24/11/2023 - 20:45,"ALBACETE CHAMON, ANGEL ANTONIO","LANGA DE MARTIN, ASUNCION","BORREGO RODRIGUEZ, JAVIER",POLIDEPORTIVO MUNICIPAL EL PLANTIO,Burgos (Burgos)
2341526,CACERES PATRIMONIO DE LA HUMANIDAD,75,HLA ALICANTE,84,"19,16,24,16","23,15,21,25",24/11/2023 - 20:00,"ESTEVE MALMIERCA, IGOR","MORALES Gª-ALCAIDE, JUAN P.","CHUECA MORENO, ARIADNA",PABELLÓN MULTIUSOS CIUDAD DE CÁCERES,Cáceres (Cáceres)
2341527,GUUK GIPUZKOA BASKET,99,CLUB OURENSE BALONCESTO,65,"22,30,23,24","22,17,14,12",24/11/2023 - 20:30,"GARCIA LEON, CARLOS JAVIER","MARQUETA GRACIA, JOSE JAVIER","ESPIAU GUARNER, ELENA",ANGULAS AGUINAGA ARENA,Donostia-San Sebastián (Guipúzcoa)
2341528,ICG FORÇA LLEIDA,88,REAL BETIS BALONCESTO,75,"16,22,26,24","18,18,21,18",24/11/2023 - 21:00,"LOPEZ HERRADA, ENRIQUE MIGUEL","GONZALEZ CUERVO, FRANCISCO","ARESTE GIRALT, EVA",0-PAVELLO BARRIS NORD,Lleida (Lleida)
2341529,RIOVERDE CLAVIJO,62,MELILLA CIUDAD DEL DEPORTE,64,"19,11,18,14","23,8,19,14",24/11/2023 - 19:00,"LEMA PARGA, PAULA","OLIVARES BERNABEU, JOSEP MARIA","REMISA TRAMUNS, MIQUEL",Palacio de los Deportes de La Rioja,Logroño (La Rioja)
2341530,MOVISTAR ESTUDIANTES,91,UEMC REAL VALLADOLID BALONCESTO,92,"28,28,17,7","11,18,31,16",26/11/2023 - 18:30,"BAENA CRIADO, JORGE","ZAMORA RODRIGUEZ, ANTONIO MANUEL","FANES MARGINET, JOAN",1030-1030-1030-WIZINK CENTER,Madrid (Madrid)
2341531,ALIMERKA OVIEDO BALONCESTO,81,BALONCESTO FUENLABRADA,60,"15,21,22,23","14,17,9,20",25/11/2023 - 17:30,"FRANQUESA VAZQUEZ, POL","LEZCANO, LEANDRO NICOLÁS","ARRESA QUINTERO, JOSE MARIA",POLIDEPORTIVO MUNICIPAL DE PUMARIN,Oviedo (Asturias)
2341532,GRUPO ALEGA CANTABRIA,91,AMICS CASTELLÓ,80,"30,25,20,16","20,16,27,17",25/11/2023 - 19:00,"DE LUCAS DE LUCAS, ANGEL","GARCIA CRESPO, MARIA ANGELES","DOMINGO VILALTA, JORDI",PABELLÓN VICENTE TRUEBA,Torrelavega (Cantabria)
2341533,HLA ALICANTE,74,ICG FORÇA LLEIDA,79,"15,19,17,23","26,18,21,14",29/11/2023 - 20:45,"LIZANA MORENO, JOAQUIN","AVILA ZURITA, JAVIER","RODRIGUEZ FERNANDEZ, PABLO",Centre de Tecnificació Esportiva d’Alacant,Alicante/Alacant (Alicante)
2341534,LONGEVIDA SAN PABLO BURGOS,77,LEYMA CORUÑA,75,"14,21,19,23","17,14,16,28",29/11/2023 - 20:45,"OLIVARES BERNABEU, JOSEP MARIA","MARTINEZ PRADA, JESUS MARCOS","VILLANUEVA TENA, JAVIER",COLISEUM BURGOS,Burgos (Burgos)
2341535,AMICS CASTELLÓ,68,MOVISTAR ESTUDIANTES,84,"21,19,19,9","20,23,22,19",29/11/2023 - 20:30,"CARRERA ROSDEVALL, ERIC","FRANQUESA VAZQUEZ, POL","Acevedo Perera, Sergio",PAB MUNI CIUTAT CASTELLO,Castellón de la Plana/Castelló (Castellón)
2341536,BALONCESTO FUENLABRADA,94,CACERES PATRIMONIO DE LA HUMANIDAD,67,"17,25,25,27","20,9,23,15",29/11/2023 - 20:30,"LEMA PARGA, PAULA","BAENA CRIADO, JORGE","FANES MARGINET, JOAN","3664-3664-FERNANDO MARTIN, PABELLON",Fuenlabrada (Madrid)
2341537,CLUB OURENSE BALONCESTO,72,GRUPO URETA TIZONA BURGOS,79,"16,23,14,19","16,25,23,15",28/11/2023 - 20:45,"DE LUCAS DE LUCAS, ANGEL","CHECA NEBOT, DANIEL","CAAMAÑO MUÑOZ, JORGE",PAZO DOS DEPORTES PACO PAZ,Ourense (Ourense)
2341538,ALIMERKA OVIEDO BALONCESTO,80,RIOVERDE CLAVIJO,59,"29,17,20,14","15,18,10,16",28/11/2023 - 20:45,"LOPEZ HERRADA, ENRIQUE MIGUEL","QUINTAS ALVAREZ, ASIER","CERVANTES FERNANDEZ, DANIEL",POLIDEPORTIVO MUNICIPAL DE PUMARIN,Oviedo (Asturias)
2341539,GRUPO ALEGA CANTABRIA,75,MELILLA CIUDAD DEL DEPORTE,69,"23,18,19,15","20,18,12,19",29/11/2023 - 20:30,"MORALES Gª-ALCAIDE, JUAN P.","MARQUETA GRACIA, JOSE JAVIER","GOMEZ HERNANDEZ, AITOR",PABELLÓN VICENTE TRUEBA,Torrelavega (Cantabria)
2341540,REAL BETIS BALONCESTO,88,HESTIA MENORCA,57,"25,27,20,16","15,12,16,14",29/11/2023 - 20:00,"RIAL BARREIRO, JACOBO","BÁEZ BATISTA, HÉCTOR","MARTINEZ ESTOPIÑAN, FERNANDO",PALACIO MUNICIPAL DE DEPORTES SAN PABLO,Sevilla (Sevilla)
2341541,UEMC REAL VALLADOLID BALONCESTO,71,GUUK GIPUZKOA BASKET,65,"22,22,12,15","17,16,18,14",29/11/2023 - 20:45,"ALBACETE CHAMON, ANGEL ANTONIO","MUÑOZ GARCIA, JORGE","ADAN RODRIGUEZ, CRISTINA",0-POLIDEPORTIVO PISUERGA,Valladolid (Valladolid)
2341542,HESTIA MENORCA,57,HLA ALICANTE,76,"14,11,13,19","23,14,20,19",03/12/2023 - 12:00,"GARCIA LEON, CARLOS JAVIER","MUNAR BAÑON, PEDRO ALEJANDRO","SANHERMELANDO GARCIA, HECTOR",Pavelló Menorca,Mahón (Illes Balears)
2341543,CACERES PATRIMONIO DE LA HUMANIDAD,60,LONGEVIDA SAN PABLO BURGOS,81,"15,19,6,20","21,17,22,21",03/12/2023 - 19:00,"CHECA NEBOT, DANIEL","PALANCA PAGE, RODRIGO","Acevedo Perera, Sergio",PABELLÓN MULTIUSOS CIUDAD DE CÁCERES,Cáceres (Cáceres)
2341544,LEYMA CORUÑA,83,BALONCESTO FUENLABRADA,86,"20,18,15,30","25,17,24,20",03/12/2023 - 18:00,"SANCHEZ GONZALEZ, SANDRA","ZAMORA RODRIGUEZ, ANTONIO MANUEL","IBAÑEZ GARCIA, FERNANDO",PALACIO DE LOS DEPORTES CORUÑA,"Coruña, A (A Coruña)"
2341545,ICG FORÇA LLEIDA,90,CLUB OURENSE BALONCESTO,55,"23,21,27,19","10,16,16,13",03/12/2023 - 12:30,"MUÑOZ GARCIA, JORGE","LEZCANO, LEANDRO NICOLÁS","Alejo Sanchez, Andrea",0-PAVELLO BARRIS NORD,Lleida (Lleida)
2341546,RIOVERDE CLAVIJO,56,GUUK GIPUZKOA BASKET,76,"13,9,23,11","18,18,14,26",02/12/2023 - 20:30,"CAÑIGUERAL NOVELLA, MIKEL","CARPALLO MIGUELEZ, JUAN GABRIEL","DIZ FELIPE, IMANOL",Palacio de los Deportes de La Rioja,Logroño (La Rioja)
2341547,MOVISTAR ESTUDIANTES,101,GRUPO ALEGA CANTABRIA,61,"31,29,21,20","10,20,14,17",03/12/2023 - 18:30,"QUINTAS ALVAREZ, ASIER","MARTIN VAZQUEZ, CRISTIAN","MURILLO KHON, NICOLÁS",1030-1030-1030-WIZINK CENTER,Madrid (Madrid)
2341548,REAL BETIS BALONCESTO,85,ALIMERKA OVIEDO BALONCESTO,94,"18,15,26,16","10,21,22,22",03/12/2023 - 12:30,"ZAFRA GUERRA, FRANCISCO JOSE","LANGA DE MARTIN, ASUNCION","COLOMER CASTELLO, EDUARD",PALACIO MUNICIPAL DE DEPORTES SAN PABLO,Sevilla (Sevilla)
2341549,UEMC REAL VALLADOLID BALONCESTO,89,AMICS CASTELLÓ,71,"25,23,20,21","19,17,20,15",02/12/2023 - 19:00,"MAS CAGIDE, VICTOR","CHUECA MORENO, ARIADNA","GOMEZ HERNANDEZ, AITOR",0-POLIDEPORTIVO PISUERGA,Valladolid (Valladolid)
2341550,MELILLA CIUDAD DEL DEPORTE,83,GRUPO URETA TIZONA BURGOS,73,"17,22,21,23","13,26,11,23",03/12/2023 - 18:15,"FRANQUESA VAZQUEZ, POL","RODRIGUEZ FERNANDEZ, PABLO","CERVANTES FERNANDEZ, DANIEL",PABELLÓN DE DEPORTES JAVIER IMBRODA ORTIZ,Melilla (Melilla)
2341551,LONGEVIDA SAN PABLO BURGOS,98,HLA ALICANTE,95,"26,26,20,26","18,18,29,30",09/12/2023 - 18:30,"DE LUCAS DE LUCAS, ANGEL","GARVIN DOMINGO, RODRIGO","FANES MARGINET, JOAN",COLISEUM BURGOS,Burgos (Burgos)
2341552,GRUPO URETA TIZONA BURGOS,119,BALONCESTO FUENLABRADA,77,"28,27,30,34","23,17,18,19",08/12/2023 - 20:45,"LOPEZ HERRADA, ENRIQUE MIGUEL","ARESTE GIRALT, EVA","MARTINEZ ESTOPIÑAN, FERNANDO",POLIDEPORTIVO MUNICIPAL EL PLANTIO,Burgos (Burgos)
2341553,AMICS CASTELLÓ,88,REAL BETIS BALONCESTO,100,"20,26,25,17","30,23,26,21",08/12/2023 - 20:00,"CHECA NEBOT, DANIEL","HURTADO ALMANSA, JUAN RAMON","Alejo Sanchez, Andrea",PAB MUNI CIUTAT CASTELLO,Castellón de la Plana/Castelló (Castellón)
2341554,GUUK GIPUZKOA BASKET,84,LEYMA CORUÑA,91,"23,21,16,16","8,20,19,16",10/12/2023 - 17:00,"MAS CAGIDE, VICTOR","GONZALEZ CUERVO, FRANCISCO","Acevedo Perera, Sergio",ANGULAS AGUINAGA ARENA,Donostia-San Sebastián (Guipúzcoa)
2341555,RIOVERDE CLAVIJO,69,UEMC REAL VALLADOLID BALONCESTO,77,"23,11,12,23","17,29,18,13",10/12/2023 - 12:00,"CARRERA ROSDEVALL, ERIC","LANGA DE MARTIN, ASUNCION","CALVO ACEÑA, ALEJANDRO",Palacio de los Deportes de La Rioja,Logroño (La Rioja)
2341556,MOVISTAR ESTUDIANTES,75,ICG FORÇA LLEIDA,72,"14,14,24,23","19,12,16,25",10/12/2023 - 18:30,"ESTEVE MALMIERCA, IGOR","MARTINEZ PRADA, JESUS MARCOS","SANHERMELANDO GARCIA, HECTOR",1030-1030-1030-WIZINK CENTER,Madrid (Madrid)
2341557,CLUB OURENSE BALONCESTO,59,MELILLA CIUDAD DEL DEPORTE,65,"14,24,8,13","24,13,15,13",09/12/2023 - 19:00,"LIZANA MORENO, JOAQUIN","MUNAR BAÑON, PEDRO ALEJANDRO","DOMINGO VILALTA, JORDI",PAZO DOS DEPORTES PACO PAZ,Ourense (Ourense)
2341558,ALIMERKA OVIEDO BALONCESTO,78,HESTIA MENORCA,84,"21,20,23,14","22,23,22,17",09/12/2023 - 17:00,"OLIVARES BERNABEU, JOSEP MARIA","PALANCA PAGE, RODRIGO","ESPIAU GUARNER, ELENA",POLIDEPORTIVO MUNICIPAL DE PUMARIN,Oviedo (Asturias)
2341559,GRUPO ALEGA CANTABRIA,95,CACERES PATRIMONIO DE LA HUMANIDAD,75,"22,29,19,25","23,17,17,18",09/12/2023 - 19:00,"MORALES RUIZ, GERMAN FRANCISC0","ADAN RODRIGUEZ, CRISTINA","ARRESA QUINTERO, JOSE MARIA",PABELLÓN VICENTE TRUEBA,Torrelavega (Cantabria)
2341560,HLA ALICANTE,83,ALIMERKA OVIEDO BALONCESTO,73,"23,19,19,22","16,11,25,21",15/12/2023 - 20:45,"RIAL BARREIRO, JACOBO","MARQUETA GRACIA, JOSE JAVIER","MURILLO KHON, NICOLÁS",Centre de Tecnificació Esportiva d’Alacant,Alicante/Alacant (Alicante)
2341561,HESTIA MENORCA,77,GRUPO URETA TIZONA BURGOS,78,"17,23,19,18","22,19,24,13",17/12/2023 - 12:00,"SANCHEZ GONZALEZ, SANDRA","AVILA ZURITA, JAVIER","DOMINGO VILALTA, JORDI",Pavelló Menorca,Mahón (Illes Balears)
2341562,LONGEVIDA SAN PABLO BURGOS,105,CLUB OURENSE BALONCESTO,55,"21,28,39,17","14,15,11,15",16/12/2023 - 20:00,"ALBACETE CHAMON, ANGEL ANTONIO","HURTADO ALMANSA, JUAN RAMON","BORREGO RODRIGUEZ, JAVIER",COLISEUM BURGOS,Burgos (Burgos)
2341563,CACERES PATRIMONIO DE LA HUMANIDAD,79,UEMC REAL VALLADOLID BALONCESTO,87,"23,20,11,25","21,29,16,21",15/12/2023 - 20:45,"GARCIA LEON, CARLOS JAVIER","GARCIA CRESPO, MARIA ANGELES","IBAÑEZ GARCIA, FERNANDO",PABELLÓN MULTIUSOS CIUDAD DE CÁCERES,Cáceres (Cáceres)
2341564,AMICS CASTELLÓ,80,GUUK GIPUZKOA BASKET,90,"13,19,21,27","31,16,25,18",16/12/2023 - 20:30,"OLIVARES BERNABEU, JOSEP MARIA","LEZCANO, LEANDRO NICOLÁS","MEIRA GONZÁLEZ, CHRISTIAN",PAB MUNI CIUTAT CASTELLO,Castellón de la Plana/Castelló (Castellón)
2341565,LEYMA CORUÑA,100,RIOVERDE CLAVIJO,77,"34,25,21,20","17,27,16,17",15/12/2023 - 21:00,"MARTIN VAZQUEZ, CRISTIAN","GOMEZ LUQUE, JAIME","COLOMER CASTELLO, EDUARD",PALACIO DE LOS DEPORTES CORUÑA,"Coruña, A (A Coruña)"
2341566,BALONCESTO FUENLABRADA,73,ICG FORÇA LLEIDA,75,"17,28,14,14","20,14,27,14",16/12/2023 - 18:30,"GARCIA LEON, CARLOS JAVIER","CHUECA MORENO, ARIADNA","VILLANUEVA TENA, JAVIER","3664-3664-FERNANDO MARTIN, PABELLON",Fuenlabrada (Madrid)
2341567,REAL BETIS BALONCESTO,80,GRUPO ALEGA CANTABRIA,70,"19,16,15,30","17,17,11,25",15/12/2023 - 20:00,"MAS CAGIDE, VICTOR","MUÑOZ GARCIA, JORGE","RODRIGUEZ FERNANDEZ, PABLO",PALACIO MUNICIPAL DE DEPORTES SAN PABLO,Sevilla (Sevilla)
2341568,MELILLA CIUDAD DEL DEPORTE,80,MOVISTAR ESTUDIANTES,81,"17,18,24,21","23,22,16,20",15/12/2023 - 20:15,"LOPEZ HERRADA, ENRIQUE MIGUEL","CAAMAÑO MUÑOZ, JORGE","MARTINEZ ESTOPIÑAN, FERNANDO",PABELLÓN DE DEPORTES JAVIER IMBRODA ORTIZ,Melilla (Melilla)
2341569,GRUPO URETA TIZONA BURGOS,80,AMICS CASTELLÓ,66,"22,13,20,25","19,21,13,13",21/12/2023 - 21:00,"ZAFRA GUERRA, FRANCISCO JOSE","MORALES Gª-ALCAIDE, JUAN P.","DIZ FELIPE, IMANOL",POLIDEPORTIVO MUNICIPAL EL PLANTIO,Burgos (Burgos)
2341570,CACERES PATRIMONIO DE LA HUMANIDAD,64,REAL BETIS BALONCESTO,61,"14,13,24,13","15,17,16,13",21/12/2023 - 20:30,"DE LUCAS DE LUCAS, ANGEL","GONZALEZ CUERVO, FRANCISCO","MARTINEZ ESTOPIÑAN, FERNANDO",PABELLÓN MULTIUSOS CIUDAD DE CÁCERES,Cáceres (Cáceres)
2341571,GUUK GIPUZKOA BASKET,80,LONGEVIDA SAN PABLO BURGOS,78,"32,14,19,15","13,24,17,24",22/12/2023 - 20:30,"FRANQUESA VAZQUEZ, POL","ARESTE GIRALT, EVA","GOMEZ HERNANDEZ, AITOR",ANGULAS AGUINAGA ARENA,Donostia-San Sebastián (Guipúzcoa)
2341572,ICG FORÇA LLEIDA,90,ALIMERKA OVIEDO BALONCESTO,84,"22,20,19,29","25,27,18,14",22/12/2023 - 21:00,"CARRERA ROSDEVALL, ERIC","ZAMORA RODRIGUEZ, ANTONIO MANUEL","ADAN RODRIGUEZ, CRISTINA",0-PAVELLO BARRIS NORD,Lleida (Lleida)
2341573,RIOVERDE CLAVIJO,58,BALONCESTO FUENLABRADA,67,"15,15,13,15","15,31,6,15",21/12/2023 - 20:00,"LIZANA MORENO, JOAQUIN","PALANCA PAGE, RODRIGO","CERVANTES FERNANDEZ, DANIEL",Palacio de los Deportes de La Rioja,Logroño (La Rioja)
2341574,MOVISTAR ESTUDIANTES,76,LEYMA CORUÑA,78,"16,21,19,20","18,26,13,21",20/12/2023 - 20:00,"ZAFRA GUERRA, FRANCISCO JOSE","HURTADO ALMANSA, JUAN RAMON","ARRESA QUINTERO, JOSE MARIA",PABELLÓN MOVISTAR ACADEMY MAGARIÑOS,Madrid (Madrid)
2341575,CLUB OURENSE BALONCESTO,77,HLA ALICANTE,68,"20,26,14,17","18,11,15,24",20/12/2023 - 20:45,"LEMA PARGA, PAULA","CAAMAÑO MUÑOZ, JORGE","CALVO ACEÑA, ALEJANDRO",PAZO DOS DEPORTES PACO PAZ,Ourense (Ourense)
2341576,GRUPO ALEGA CANTABRIA,95,HESTIA MENORCA,77,"24,30,18,23","13,17,16,31",22/12/2023 - 20:30,"CHECA NEBOT, DANIEL","BÁEZ BATISTA, HÉCTOR","FANES MARGINET, JOAN",PABELLÓN VICENTE TRUEBA,Torrelavega (Cantabria)
2341577,UEMC REAL VALLADOLID BALONCESTO,73,MELILLA CIUDAD DEL DEPORTE,76,"16,17,16,24","14,19,27,16",20/12/2023 - 20:45,"RIAL BARREIRO, JACOBO","CARPALLO MIGUELEZ, JUAN GABRIEL","Alejo Sanchez, Andrea",0-POLIDEPORTIVO PISUERGA,Valladolid (Valladolid)
2341578,HLA ALICANTE,94,GRUPO URETA TIZONA BURGOS,89,"18,22,29,25","28,12,17,32",30/12/2023 - 19:00,"MUÑOZ GARCIA, JORGE","GARCIA CRESPO, MARIA ANGELES","VILLANUEVA TENA, JAVIER",Centre de Tecnificació Esportiva d’Alacant,Alicante/Alacant (Alicante)
2341579,HESTIA MENORCA,86,CACERES PATRIMONIO DE LA HUMANIDAD,67,"19,24,18,25","13,19,15,20",30/12/2023 - 19:30,"QUINTAS ALVAREZ, ASIER","GOMEZ LUQUE, JAIME","ARESTE GIRALT, EVA",Pavelló Menorca,Mahón (Illes Balears)
2341580,LONGEVIDA SAN PABLO BURGOS,87,MOVISTAR ESTUDIANTES,91,"16,22,23,26","22,17,23,29",30/12/2023 - 20:00,"GARCIA LEON, CARLOS JAVIER","MARQUETA GRACIA, JOSE JAVIER","CHUECA MORENO, ARIADNA",COLISEUM BURGOS,Burgos (Burgos)
2341581,LEYMA CORUÑA,106,CLUB OURENSE BALONCESTO,77,"29,21,25,31","20,21,16,20",29/12/2023 - 20:30,"BAENA CRIADO, JORGE","IBAÑEZ GARCIA, FERNANDO","SANHERMELANDO GARCIA, HECTOR",PALACIO DE LOS DEPORTES CORUÑA,"Coruña, A (A Coruña)"
2341582,GUUK GIPUZKOA BASKET,76,GRUPO ALEGA CANTABRIA,67,"18,21,20,17","10,12,25,20",29/12/2023 - 20:30,"ALBACETE CHAMON, ANGEL ANTONIO","ESTEVE MALMIERCA, IGOR","CALVO ACEÑA, ALEJANDRO",ANGULAS AGUINAGA ARENA,Donostia-San Sebastián (Guipúzcoa)
2341583,ICG FORÇA LLEIDA,79,RIOVERDE CLAVIJO,72,"32,15,13,19","24,12,12,24",29/12/2023 - 21:00,"CHECA NEBOT, DANIEL","MUNAR BAÑON, PEDRO ALEJANDRO","ESPIAU GUARNER, ELENA",0-PAVELLO BARRIS NORD,Lleida (Lleida)
2341584,BALONCESTO FUENLABRADA,81,REAL BETIS BALONCESTO,71,"19,25,15,22","16,16,22,17",30/12/2023 - 17:00,"MARTIN VAZQUEZ, CRISTIAN","LEZCANO, LEANDRO NICOLÁS","GOMEZ HERNANDEZ, AITOR","3664-3664-FERNANDO MARTIN, PABELLON",Fuenlabrada (Madrid)
2341585,ALIMERKA OVIEDO BALONCESTO,83,UEMC REAL VALLADOLID BALONCESTO,66,"19,20,22,22","9,19,12,26",30/12/2023 - 18:30,"SANCHEZ GONZALEZ, SANDRA","AVILA ZURITA, JAVIER","Acevedo Perera, Sergio",POLIDEPORTIVO MUNICIPAL DE PUMARIN,Oviedo (Asturias)
2341586,MELILLA CIUDAD DEL DEPORTE,76,AMICS CASTELLÓ,65,"22,20,15,19","8,20,19,18",29/12/2023 - 20:00,"MORALES RUIZ, GERMAN FRANCISC0","GARVIN DOMINGO, RODRIGO","ARRESA QUINTERO, JOSE MARIA",PABELLÓN DE DEPORTES JAVIER IMBRODA ORTIZ,Melilla (Melilla)
2341587,HESTIA MENORCA,67,ICG FORÇA LLEIDA,70,"15,16,16,20","15,18,17,20",06/01/2024 - 18:00,"CAÑIGUERAL NOVELLA, MIKEL","CARPALLO MIGUELEZ, JUAN GABRIEL","IBAÑEZ GARCIA, FERNANDO",Pavelló Menorca,Mahón (Illes Balears)
2341588,GRUPO URETA TIZONA BURGOS,110,LONGEVIDA SAN PABLO BURGOS,96,"20,28,31,31","25,20,25,26",06/01/2024 - 20:00,"RIAL BARREIRO, JACOBO","ESTEVE MALMIERCA, IGOR","BÁEZ BATISTA, HÉCTOR",POLIDEPORTIVO MUNICIPAL EL PLANTIO,Burgos (Burgos)
2341589,CACERES PATRIMONIO DE LA HUMANIDAD,86,ALIMERKA OVIEDO BALONCESTO,78,"17,26,22,21","17,25,14,22",07/01/2024 - 18:00,"ZAFRA GUERRA, FRANCISCO JOSE","MAS CAGIDE, VICTOR","RODRIGUEZ FERNANDEZ, PABLO",PABELLÓN MULTIUSOS CIUDAD DE CÁCERES,Cáceres (Cáceres)
2341590,AMICS CASTELLÓ,74,LEYMA CORUÑA,83,"10,22,21,21","18,17,24,24",05/01/2024 - 20:30,"DE LUCAS DE LUCAS, ANGEL","ADAN RODRIGUEZ, CRISTINA","DOMINGO VILALTA, JORDI",PAB MUNI CIUTAT CASTELLO,Castellón de la Plana/Castelló (Castellón)
2341591,MOVISTAR ESTUDIANTES,97,CLUB OURENSE BALONCESTO,56,"24,25,28,20","6,17,22,11",07/01/2024 - 12:30,"QUINTAS ALVAREZ, ASIER","GONZALEZ CUERVO, FRANCISCO","Alejo Sanchez, Andrea",1030-1030-1030-WIZINK CENTER,Madrid (Madrid)
2341592,GRUPO ALEGA CANTABRIA,71,RIOVERDE CLAVIJO,75,"24,9,20,18","12,22,15,26",07/01/2024 - 12:30,"LEMA PARGA, PAULA","GARVIN DOMINGO, RODRIGO","BORREGO RODRIGUEZ, JAVIER",PABELLÓN VICENTE TRUEBA,Torrelavega (Cantabria)
2341593,REAL BETIS BALONCESTO,97,HLA ALICANTE,78,"27,21,17,32","24,17,26,11",07/01/2024 - 17:00,"BAENA CRIADO, JORGE","OLIVARES BERNABEU, JOSEP MARIA","LOPEZ LECUONA, ALEJANDRO",PALACIO MUNICIPAL DE DEPORTES SAN PABLO,Sevilla (Sevilla)
2341594,UEMC REAL VALLADOLID BALONCESTO,87,BALONCESTO FUENLABRADA,72,"21,25,23,18","18,19,19,16",06/01/2024 - 19:00,"ZAFRA GUERRA, FRANCISCO JOSE","ZAMORA RODRIGUEZ, ANTONIO MANUEL","SANHERMELANDO GARCIA, HECTOR",0-POLIDEPORTIVO PISUERGA,Valladolid (Valladolid)
2341595,MELILLA CIUDAD DEL DEPORTE,82,GUUK GIPUZKOA BASKET,93,"19,12,23,28","20,19,24,30",07/01/2024 - 12:00,"MORALES Gª-ALCAIDE, JUAN P.","LANGA DE MARTIN, ASUNCION","MURILLO KHON, NICOLÁS",PABELLÓN DE DEPORTES JAVIER IMBRODA ORTIZ,Melilla (Melilla)
2341596,HLA ALICANTE,86,AMICS CASTELLÓ,64,"22,25,22,17","20,11,13,20",13/01/2024 - 19:00,"AVILA ZURITA, JAVIER","CHUECA MORENO, ARIADNA","COLOMER CASTELLO, EDUARD",Centre de Tecnificació Esportiva d’Alacant,Alicante/Alacant (Alicante)
2341597,LONGEVIDA SAN PABLO BURGOS,82,REAL BETIS BALONCESTO,94,"18,23,14,27","18,26,24,26",12/01/2024 - 21:00,"MORALES Gª-ALCAIDE, JUAN P.","GOMEZ LUQUE, JAIME","ESPIAU GUARNER, ELENA",COLISEUM BURGOS,Burgos (Burgos)
2341598,LEYMA CORUÑA,97,MELILLA CIUDAD DEL DEPORTE,82,"24,26,20,27","17,26,18,21",12/01/2024 - 21:00,"ESTEVE MALMIERCA, IGOR","ARESTE GIRALT, EVA","CALVO ACEÑA, ALEJANDRO",PALACIO DE LOS DEPORTES CORUÑA,"Coruña, A (A Coruña)"
2341599,GUUK GIPUZKOA BASKET,83,MOVISTAR ESTUDIANTES,85,"18,20,20,25","12,26,21,26",12/01/2024 - 21:00,"SANCHEZ GONZALEZ, SANDRA","PALANCA PAGE, RODRIGO","FANES MARGINET, JOAN",ANGULAS AGUINAGA ARENA,Donostia-San Sebastián (Guipúzcoa)
2341600,ICG FORÇA LLEIDA,95,CACERES PATRIMONIO DE LA HUMANIDAD,71,"25,16,32,22","19,20,13,19",12/01/2024 - 21:00,"LIZANA MORENO, JOAQUIN","GARCIA CRESPO, MARIA ANGELES","DIZ FELIPE, IMANOL",0-PAVELLO BARRIS NORD,Lleida (Lleida)
2341601,RIOVERDE CLAVIJO,61,GRUPO URETA TIZONA BURGOS,78,"14,13,13,21","25,21,16,16",12/01/2024 - 21:00,"GARCIA LEON, CARLOS JAVIER","MAS CAGIDE, VICTOR","GOMEZ HERNANDEZ, AITOR",Palacio de los Deportes de La Rioja,Logroño (La Rioja)
2341602,BALONCESTO FUENLABRADA,75,HESTIA MENORCA,81,"17,22,14,22","26,17,18,20",14/01/2024 - 12:00,"MORALES RUIZ, GERMAN FRANCISC0","MARQUETA GRACIA, JOSE JAVIER","LANGA DE MARTIN, ASUNCION","3664-3664-FERNANDO MARTIN, PABELLON",Fuenlabrada (Madrid)
2341603,CLUB OURENSE BALONCESTO,99,UEMC REAL VALLADOLID BALONCESTO,77,"35,18,16,30","21,16,17,23",12/01/2024 - 21:00,"LOPEZ HERRADA, ENRIQUE MIGUEL","LEZCANO, LEANDRO NICOLÁS","MARTINEZ ESTOPIÑAN, FERNANDO",PAZO DOS DEPORTES PACO PAZ,Ourense (Ourense)
2341604,ALIMERKA OVIEDO BALONCESTO,86,GRUPO ALEGA CANTABRIA,81,"17,24,17,28","16,24,15,26",14/01/2024 - 18:00,"QUINTAS ALVAREZ, ASIER","MUNAR BAÑON, PEDRO ALEJANDRO","CAAMAÑO MUÑOZ, JORGE",POLIDEPORTIVO MUNICIPAL DE PUMARIN,Oviedo (Asturias)
2341605,HESTIA MENORCA,90,ALIMERKA OVIEDO BALONCESTO,74,"27,16,25,22","20,19,23,12",21/01/2024 - 12:00,"DE LUCAS DE LUCAS, ANGEL","FRANQUESA VAZQUEZ, POL","REMISA TRAMUNS, MIQUEL",Pavelló Menorca,Mahón (Illes Balears)
2341606,GRUPO URETA TIZONA BURGOS,72,ICG FORÇA LLEIDA,79,"25,14,18,15","21,14,26,18",20/01/2024 - 17:00,"MORALES RUIZ, GERMAN FRANCISC0","GARVIN DOMINGO, RODRIGO","BORREGO RODRIGUEZ, JAVIER",POLIDEPORTIVO MUNICIPAL EL PLANTIO,Burgos (Burgos)
2341607,CACERES PATRIMONIO DE LA HUMANIDAD,68,GUUK GIPUZKOA BASKET,86,"14,20,15,19","24,24,27,11",19/01/2024 - 20:45,"MUÑOZ GARCIA, JORGE","CARPALLO MIGUELEZ, JUAN GABRIEL","Alejo Sanchez, Andrea",PABELLÓN MULTIUSOS CIUDAD DE CÁCERES,Cáceres (Cáceres)
2341608,AMICS CASTELLÓ,77,BALONCESTO FUENLABRADA,73,"22,14,23,18","9,27,21,16",19/01/2024 - 20:30,"ALBACETE CHAMON, ANGEL ANTONIO","HURTADO ALMANSA, JUAN RAMON","VILLANUEVA TENA, JAVIER",PAB MUNI CIUTAT CASTELLO,Castellón de la Plana/Castelló (Castellón)
2341609,RIOVERDE CLAVIJO,62,LONGEVIDA SAN PABLO BURGOS,79,"16,20,15,11","21,21,18,19",21/01/2024 - 12:00,"ZAFRA GUERRA, FRANCISCO JOSE","GONZALEZ CUERVO, FRANCISCO","ARRESA QUINTERO, JOSE MARIA",Palacio de los Deportes de La Rioja,Logroño (La Rioja)
2341610,MOVISTAR ESTUDIANTES,93,REAL BETIS BALONCESTO,87,"21,29,20,23","18,24,21,24",21/01/2024 - 12:30,"CARRERA ROSDEVALL, ERIC","ADAN RODRIGUEZ, CRISTINA","CERVANTES FERNANDEZ, DANIEL",1030-1030-1030-WIZINK CENTER,Madrid (Madrid)
2341611,GRUPO ALEGA CANTABRIA,81,LEYMA CORUÑA,83,"21,23,15,22","23,21,20,19",20/01/2024 - 19:00,"OLIVARES BERNABEU, JOSEP MARIA","MARTINEZ PRADA, JESUS MARCOS","MURILLO KHON, NICOLÁS",PABELLÓN VICENTE TRUEBA,Torrelavega (Cantabria)
2341612,UEMC REAL VALLADOLID BALONCESTO,69,HLA ALICANTE,84,"19,14,12,24","20,16,24,24",20/01/2024 - 19:00,"CHECA NEBOT, DANIEL","BÁEZ BATISTA, HÉCTOR","IBAÑEZ GARCIA, FERNANDO",0-POLIDEPORTIVO PISUERGA,Valladolid (Valladolid)
2341613,MELILLA CIUDAD DEL DEPORTE,67,CLUB OURENSE BALONCESTO,81,"27,13,10,17","12,16,32,21",19/01/2024 - 20:00,"SANCHEZ GONZALEZ, SANDRA","LEMA PARGA, PAULA","Acevedo Perera, Sergio",PABELLÓN DE DEPORTES JAVIER IMBRODA ORTIZ,Melilla (Melilla)
2341614,HLA ALICANTE,88,CACERES PATRIMONIO DE LA HUMANIDAD,73,"21,18,24,25","18,19,21,15",02/02/2024 - 20:45,"ESTEVE MALMIERCA, IGOR","PALANCA PAGE, RODRIGO","CAAMAÑO MUÑOZ, JORGE",Centre de Tecnificació Esportiva d’Alacant,Alicante/Alacant (Alicante)
2341615,LONGEVIDA SAN PABLO BURGOS,88,GRUPO ALEGA CANTABRIA,69,"21,21,21,25","20,17,12,20",03/02/2024 - 20:00,"AVILA ZURITA, JAVIER","LEZCANO, LEANDRO NICOLÁS","MARTINEZ ESTOPIÑAN, FERNANDO",COLISEUM BURGOS,Burgos (Burgos)
2341616,GUUK GIPUZKOA BASKET,84,UEMC REAL VALLADOLID BALONCESTO,81,"14,20,25,25","18,23,18,22",04/02/2024 - 18:00,"MARTIN VAZQUEZ, CRISTIAN","MARTINEZ PRADA, JESUS MARCOS","BORREGO RODRIGUEZ, JAVIER",ANGULAS AGUINAGA ARENA,Donostia-San Sebastián (Guipúzcoa)
2341617,ICG FORÇA LLEIDA,83,LEYMA CORUÑA,85,"14,23,18,28","17,23,21,24",02/02/2024 - 21:00,"BAENA CRIADO, JORGE","RODRIGUEZ FERNANDEZ, PABLO","GOMEZ HERNANDEZ, AITOR",0-PAVELLO BARRIS NORD,Lleida (Lleida)
2341618,MOVISTAR ESTUDIANTES,84,RIOVERDE CLAVIJO,59,"28,17,26,13","16,16,11,16",04/02/2024 - 18:30,"CAÑIGUERAL NOVELLA, MIKEL","MORALES Gª-ALCAIDE, JUAN P.","ESPIAU GUARNER, ELENA",1030-1030-1030-WIZINK CENTER,Madrid (Madrid)
2341619,BALONCESTO FUENLABRADA,93,MELILLA CIUDAD DEL DEPORTE,74,"27,17,24,25","25,13,25,11",03/02/2024 - 17:00,"CARRERA ROSDEVALL, ERIC","CHUECA MORENO, ARIADNA","DOMINGO VILALTA, JORDI","3664-3664-FERNANDO MARTIN, PABELLON",Fuenlabrada (Madrid)
2341620,CLUB OURENSE BALONCESTO,61,HESTIA MENORCA,66,"16,8,11,26","13,19,17,17",03/02/2024 - 19:00,"MAS CAGIDE, VICTOR","GARVIN DOMINGO, RODRIGO","COLOMER CASTELLO, EDUARD",PAZO DOS DEPORTES PACO PAZ,Ourense (Ourense)
2341621,ALIMERKA OVIEDO BALONCESTO,60,GRUPO URETA TIZONA BURGOS,75,"17,17,11,15","18,23,18,16",04/02/2024 - 12:30,"ALBACETE CHAMON, ANGEL ANTONIO","GONZALEZ CUERVO, FRANCISCO","DIZ FELIPE, IMANOL",POLIDEPORTIVO MUNICIPAL DE PUMARIN,Oviedo (Asturias)
2341622,REAL BETIS BALONCESTO,98,AMICS CASTELLÓ,77,"17,23,26,32","11,25,14,27",02/02/2024 - 20:00,"LOPEZ HERRADA, ENRIQUE MIGUEL","ZAMORA RODRIGUEZ, ANTONIO MANUEL","SANHERMELANDO GARCIA, HECTOR",PALACIO MUNICIPAL DE DEPORTES SAN PABLO,Sevilla (Sevilla)
2341623,HESTIA MENORCA,67,MOVISTAR ESTUDIANTES,75,"17,13,22,15","25,18,13,19",11/02/2024 - 12:00,"MUÑOZ GARCIA, JORGE","MARTINEZ PRADA, JESUS MARCOS","Acevedo Perera, Sergio",Pavelló Menorca,Mahón (Illes Balears)
2341624,GRUPO URETA TIZONA BURGOS,101,GUUK GIPUZKOA BASKET,76,"30,27,20,24","22,17,18,19",09/02/2024 - 21:00,"ZAFRA GUERRA, FRANCISCO JOSE","GOMEZ LUQUE, JAIME","CALVO ACEÑA, ALEJANDRO",POLIDEPORTIVO MUNICIPAL EL PLANTIO,Burgos (Burgos)
2341625,AMICS CASTELLÓ,92,ICG FORÇA LLEIDA,98,"21,26,27,18","22,37,21,18",09/02/2024 - 20:00,"RIAL BARREIRO, JACOBO","PALANCA PAGE, RODRIGO","FANES MARGINET, JOAN",PAB MUNI CIUTAT CASTELLO,Castellón de la Plana/Castelló (Castellón)
2341626,LEYMA CORUÑA,104,LONGEVIDA SAN PABLO BURGOS,103,"17,31,30,26","19,37,17,30",11/02/2024 - 18:00,"LOPEZ HERRADA, ENRIQUE MIGUEL","LIZANA MORENO, JOAQUIN","IBAÑEZ GARCIA, FERNANDO",PALACIO DE LOS DEPORTES CORUÑA,"Coruña, A (A Coruña)"
2341627,RIOVERDE CLAVIJO,69,HLA ALICANTE,86,"11,16,24,18","24,22,21,19",11/02/2024 - 12:00,"LEZCANO, LEANDRO NICOLÁS","ARESTE GIRALT, EVA","MURILLO KHON, NICOLÁS",Palacio de los Deportes de La Rioja,Logroño (La Rioja)
2341628,GRUPO ALEGA CANTABRIA,81,BALONCESTO FUENLABRADA,74,"23,13,29,16","19,14,21,20",10/02/2024 - 19:00,"SANCHEZ GONZALEZ, SANDRA","GONZALEZ CUERVO, FRANCISCO","COLOMER CASTELLO, EDUARD",PABELLÓN VICENTE TRUEBA,Torrelavega (Cantabria)
2341629,REAL BETIS BALONCESTO,72,CLUB OURENSE BALONCESTO,48,"16,28,11,17","13,5,12,18",09/02/2024 - 20:30,"MORALES RUIZ, GERMAN FRANCISC0","MUNAR BAÑON, PEDRO ALEJANDRO","ARRESA QUINTERO, JOSE MARIA",PALACIO MUNICIPAL DE DEPORTES SAN PABLO,Sevilla (Sevilla)
2341630,UEMC REAL VALLADOLID BALONCESTO,99,CACERES PATRIMONIO DE LA HUMANIDAD,72,"19,19,29,32","15,17,15,25",10/02/2024 - 19:00,"MORALES Gª-ALCAIDE, JUAN P.","DOMINGO VILALTA, JORDI","ARANZANA GARCIA, ALEJANDRO",0-POLIDEPORTIVO PISUERGA,Valladolid (Valladolid)
2341631,MELILLA CIUDAD DEL DEPORTE,84,ALIMERKA OVIEDO BALONCESTO,81,"21,25,23,15","28,23,23,7",09/02/2024 - 20:15,"GARCIA LEON, CARLOS JAVIER","MARTIN VAZQUEZ, CRISTIAN","Alejo Sanchez, Andrea",PABELLÓN DE DEPORTES JAVIER IMBRODA ORTIZ,Melilla (Melilla)
2341632,HLA ALICANTE,90,MELILLA CIUDAD DEL DEPORTE,66,"24,15,17,34","20,14,15,17",16/02/2024 - 20:45,"MAS CAGIDE, VICTOR","ADAN RODRIGUEZ, CRISTINA","SANHERMELANDO GARCIA, HECTOR",Centre de Tecnificació Esportiva d’Alacant,Alicante/Alacant (Alicante)
2341633,LONGEVIDA SAN PABLO BURGOS,90,HESTIA MENORCA,69,"24,27,20,19","20,21,16,12",17/02/2024 - 20:00,"LEMA PARGA, PAULA","ZAMORA RODRIGUEZ, ANTONIO MANUEL","MEIRA GONZÁLEZ, CHRISTIAN",COLISEUM BURGOS,Burgos (Burgos)
2341634,CACERES PATRIMONIO DE LA HUMANIDAD,81,AMICS CASTELLÓ,84,"13,22,27,19","19,22,21,22",16/02/2024 - 21:15,"BÁEZ BATISTA, HÉCTOR","MARQUETA GRACIA, JOSE JAVIER","MARTINEZ ESTOPIÑAN, FERNANDO",PABELLÓN MULTIUSOS CIUDAD DE CÁCERES,Cáceres (Cáceres)
2341635,LEYMA CORUÑA,92,REAL BETIS BALONCESTO,78,"24,28,19,21","22,21,23,12",18/02/2024 - 12:30,"CAÑIGUERAL NOVELLA, MIKEL","FRANQUESA VAZQUEZ, POL","DIZ FELIPE, IMANOL",PALACIO DE LOS DEPORTES CORUÑA,"Coruña, A (A Coruña)"
2341636,GUUK GIPUZKOA BASKET,84,RIOVERDE CLAVIJO,66,"21,22,14,27","9,16,16,25",18/02/2024 - 18:00,"AVILA ZURITA, JAVIER","CHECA NEBOT, DANIEL","VILLANUEVA TENA, JAVIER",ANGULAS AGUINAGA ARENA,Donostia-San Sebastián (Guipúzcoa)
2341637,ICG FORÇA LLEIDA,93,MOVISTAR ESTUDIANTES,79,"22,20,22,29","20,18,23,18",16/02/2024 - 21:00,"DE LUCAS DE LUCAS, ANGEL","LANGA DE MARTIN, ASUNCION","CAAMAÑO MUÑOZ, JORGE",0-PAVELLO BARRIS NORD,Lleida (Lleida)
2341638,BALONCESTO FUENLABRADA,79,GRUPO URETA TIZONA BURGOS,85,"22,21,16,20","28,19,15,23",17/02/2024 - 18:30,"QUINTAS ALVAREZ, ASIER","MUNAR BAÑON, PEDRO ALEJANDRO","Acevedo Perera, Sergio","3664-3664-FERNANDO MARTIN, PABELLON",Fuenlabrada (Madrid)
2341639,CLUB OURENSE BALONCESTO,88,ALIMERKA OVIEDO BALONCESTO,83,"19,22,22,15","10,18,24,16",17/02/2024 - 18:00,"OLIVARES BERNABEU, JOSEP MARIA","GOMEZ LUQUE, JAIME","MURILLO KHON, NICOLÁS",PAZO DOS DEPORTES PACO PAZ,Ourense (Ourense)
2341640,UEMC REAL VALLADOLID BALONCESTO,84,GRUPO ALEGA CANTABRIA,79,"26,26,16,16","18,17,18,26",17/02/2024 - 19:00,"MORALES RUIZ, GERMAN FRANCISC0","ARESTE GIRALT, EVA","CERVANTES FERNANDEZ, DANIEL",0-POLIDEPORTIVO PISUERGA,Valladolid (Valladolid)
2341641,HESTIA MENORCA,89,GUUK GIPUZKOA BASKET,81,"21,24,17,27","24,23,19,15",03/03/2024 - 17:00,"HURTADO ALMANSA, JUAN RAMON","LEZCANO, LEANDRO NICOLÁS","LOPEZ LECUONA, ALEJANDRO",Pavelló Menorca,Mahón (Illes Balears)
2341642,GRUPO URETA TIZONA BURGOS,85,CLUB OURENSE BALONCESTO,80,"20,10,19,36","19,17,22,22",03/03/2024 - 18:30,"CARRERA ROSDEVALL, ERIC","CARPALLO MIGUELEZ, JUAN GABRIEL","ESPIAU GUARNER, ELENA",POLIDEPORTIVO MUNICIPAL EL PLANTIO,Burgos (Burgos)
2341643,AMICS CASTELLÓ,80,UEMC REAL VALLADOLID BALONCESTO,84,"14,22,25,19","18,18,21,27",01/03/2024 - 20:30,"BAENA CRIADO, JORGE","LIZANA MORENO, JOAQUIN","CORTES PAYA, MARIA",PAB MUNI CIUTAT CASTELLO,Castellón de la Plana/Castelló (Castellón)
2341644,RIOVERDE CLAVIJO,88,LEYMA CORUÑA,94,"17,24,21,26","18,27,22,27",03/03/2024 - 12:00,"RIAL BARREIRO, JACOBO","GARCIA CRESPO, MARIA ANGELES","CHUECA MORENO, ARIADNA",Palacio de los Deportes de La Rioja,Logroño (La Rioja)
2341645,MOVISTAR ESTUDIANTES,57,LONGEVIDA SAN PABLO BURGOS,77,"9,19,14,15","14,22,21,20",03/03/2024 - 12:30,"GARCIA LEON, CARLOS JAVIER","MARTIN VAZQUEZ, CRISTIAN","RODRIGUEZ FERNANDEZ, PABLO",1030-1030-1030-WIZINK CENTER,Madrid (Madrid)
2341646,ALIMERKA OVIEDO BALONCESTO,73,ICG FORÇA LLEIDA,75,"27,13,21,12","20,21,13,21",03/03/2024 - 19:30,"ZAFRA GUERRA, FRANCISCO JOSE","GARVIN DOMINGO, RODRIGO","BORREGO RODRIGUEZ, JAVIER",POLIDEPORTIVO MUNICIPAL DE PUMARIN,Oviedo (Asturias)
2341647,GRUPO ALEGA CANTABRIA,65,HLA ALICANTE,82,"12,11,17,25","25,18,15,24",03/03/2024 - 12:30,"LOPEZ HERRADA, ENRIQUE MIGUEL","MORALES Gª-ALCAIDE, JUAN P.","DOMINGO VILALTA, JORDI",PABELLÓN VICENTE TRUEBA,Torrelavega (Cantabria)
2341648,REAL BETIS BALONCESTO,79,BALONCESTO FUENLABRADA,78,"24,16,22,17","21,15,19,23",03/03/2024 - 12:30,"ALBACETE CHAMON, ANGEL ANTONIO","ESTEVE MALMIERCA, IGOR","GOMEZ HERNANDEZ, AITOR",PALACIO MUNICIPAL DE DEPORTES SAN PABLO,Sevilla (Sevilla)
2341649,MELILLA CIUDAD DEL DEPORTE,95,CACERES PATRIMONIO DE LA HUMANIDAD,79,"24,23,28,20","20,21,18,20",03/03/2024 - 12:15,"AVILA ZURITA, JAVIER","MARTINEZ PRADA, JESUS MARCOS","FANES MARGINET, JOAN",PABELLÓN DE DEPORTES JAVIER IMBRODA ORTIZ,Melilla (Melilla)
2341650,HLA ALICANTE,67,HESTIA MENORCA,61,"15,15,14,23","12,16,25,8",08/03/2024 - 20:45,"ALBACETE CHAMON, ANGEL ANTONIO","GOMEZ LUQUE, JAIME","CALVO ACEÑA, ALEJANDRO",Centre de Tecnificació Esportiva d’Alacant,Alicante/Alacant (Alicante)
2341651,LONGEVIDA SAN PABLO BURGOS,104,GRUPO URETA TIZONA BURGOS,97,"24,14,23,15","12,16,21,15",09/03/2024 - 20:00,"DE LUCAS DE LUCAS, ANGEL","MUÑOZ GARCIA, JORGE","ADAN RODRIGUEZ, CRISTINA",COLISEUM BURGOS,Burgos (Burgos)
2341652,CACERES PATRIMONIO DE LA HUMANIDAD,71,GRUPO ALEGA CANTABRIA,73,"22,10,18,21","13,18,21,21",08/03/2024 - 20:45,"RIAL BARREIRO, JACOBO","FRANQUESA VAZQUEZ, POL","LANGA DE MARTIN, ASUNCION",PABELLÓN MULTIUSOS CIUDAD DE CÁCERES,Cáceres (Cáceres)
2341653,LEYMA CORUÑA,114,MOVISTAR ESTUDIANTES,88,"38,21,16,39","23,29,18,18",08/03/2024 - 20:30,"QUINTAS ALVAREZ, ASIER","BÁEZ BATISTA, HÉCTOR","MARQUETA GRACIA, JOSE JAVIER",PALACIO DE LOS DEPORTES CORUÑA,"Coruña, A (A Coruña)"
2341654,GUUK GIPUZKOA BASKET,92,AMICS CASTELLÓ,78,"19,25,18,30","19,17,19,23",08/03/2024 - 20:30,"OLIVARES BERNABEU, JOSEP MARIA","ARESTE GIRALT, EVA","COLOMER CASTELLO, EDUARD",ANGULAS AGUINAGA ARENA,Donostia-San Sebastián (Guipúzcoa)
2341655,BALONCESTO FUENLABRADA,74,ALIMERKA OVIEDO BALONCESTO,69,"25,6,15,28","20,14,17,18",09/03/2024 - 17:00,"CHECA NEBOT, DANIEL","PALANCA PAGE, RODRIGO","ARRESA QUINTERO, JOSE MARIA","3664-3664-FERNANDO MARTIN, PABELLON",Fuenlabrada (Madrid)
2341656,CLUB OURENSE BALONCESTO,73,ICG FORÇA LLEIDA,80,"16,17,17,23","19,27,10,24",09/03/2024 - 19:00,"SANCHEZ GONZALEZ, SANDRA","ZAMORA RODRIGUEZ, ANTONIO MANUEL","VILLANUEVA TENA, JAVIER",PAZO DOS DEPORTES PACO PAZ,Ourense (Ourense)
2341657,REAL BETIS BALONCESTO,86,MELILLA CIUDAD DEL DEPORTE,70,"23,26,22,15","14,16,18,22",08/03/2024 - 20:30,"LEMA PARGA, PAULA","GONZALEZ CUERVO, FRANCISCO","IBAÑEZ GARCIA, FERNANDO",PALACIO MUNICIPAL DE DEPORTES SAN PABLO,Sevilla (Sevilla)
2341658,UEMC REAL VALLADOLID BALONCESTO,86,RIOVERDE CLAVIJO,72,"21,29,16,20","19,16,13,24",08/03/2024 - 20:45,"MARTIN VAZQUEZ, CRISTIAN","MAS CAGIDE, VICTOR","Alejo Sanchez, Andrea",0-POLIDEPORTIVO PISUERGA,Valladolid (Valladolid)
2341659,HESTIA MENORCA,76,UEMC REAL VALLADOLID BALONCESTO,57,"19,25,19,13","13,9,22,13",12/03/2024 - 20:00,"LOPEZ HERRADA, ENRIQUE MIGUEL","MARQUETA GRACIA, JOSE JAVIER","ARRESA QUINTERO, JOSE MARIA",Pavelló Menorca,Mahón (Illes Balears)
2341660,GRUPO URETA TIZONA BURGOS,101,REAL BETIS BALONCESTO,80,"25,20,24,32","17,20,17,26",13/03/2024 - 20:30,"BÁEZ BATISTA, HÉCTOR","MARTINEZ PRADA, JESUS MARCOS","VILLANUEVA TENA, JAVIER",POLIDEPORTIVO MUNICIPAL EL PLANTIO,Burgos (Burgos)
2341661,AMICS CASTELLÓ,78,CLUB OURENSE BALONCESTO,81,"20,17,15,26","21,21,22,17",13/03/2024 - 20:30,"HURTADO ALMANSA, JUAN RAMON","FRANQUESA VAZQUEZ, POL","LANGA DE MARTIN, ASUNCION",PAB MUNI CIUTAT CASTELLO,Castellón de la Plana/Castelló (Castellón)
2341662,LEYMA CORUÑA,67,GUUK GIPUZKOA BASKET,84,"18,13,19,17","23,14,25,22",12/03/2024 - 20:30,"GARCIA LEON, CARLOS JAVIER","CARPALLO MIGUELEZ, JUAN GABRIEL","Acevedo Perera, Sergio",PALACIO DE LOS DEPORTES CORUÑA,"Coruña, A (A Coruña)"
2341663,ICG FORÇA LLEIDA,77,LONGEVIDA SAN PABLO BURGOS,72,"25,16,14,22","22,20,19,11",13/03/2024 - 20:30,"MORALES RUIZ, GERMAN FRANCISC0","CHECA NEBOT, DANIEL","COLOMER CASTELLO, EDUARD",0-PAVELLO BARRIS NORD,Lleida (Lleida)
2341664,RIOVERDE CLAVIJO,78,CACERES PATRIMONIO DE LA HUMANIDAD,76,"21,10,20,27","17,20,24,15",13/03/2024 - 20:30,"DE LUCAS DE LUCAS, ANGEL","BAENA CRIADO, JORGE","ESPIAU GUARNER, ELENA",Palacio de los Deportes de La Rioja,Logroño (La Rioja)
2341665,MOVISTAR ESTUDIANTES,98,BALONCESTO FUENLABRADA,83,"18,33,20,27","25,25,16,17",12/03/2024 - 20:00,"LEMA PARGA, PAULA","LEZCANO, LEANDRO NICOLÁS","CERVANTES FERNANDEZ, DANIEL",PABELLÓN MOVISTAR ACADEMY MAGARIÑOS,Madrid (Madrid)
2341666,ALIMERKA OVIEDO BALONCESTO,89,HLA ALICANTE,83,"26,27,19,17","20,30,12,21",12/03/2024 - 20:45,"SANCHEZ GONZALEZ, SANDRA","QUINTAS ALVAREZ, ASIER","GOMEZ HERNANDEZ, AITOR",POLIDEPORTIVO MUNICIPAL DE PUMARIN,Oviedo (Asturias)
2341667,MELILLA CIUDAD DEL DEPORTE,71,GRUPO ALEGA CANTABRIA,84,"15,20,15,21","20,17,21,26",13/03/2024 - 20:15,"ALBACETE CHAMON, ANGEL ANTONIO","ESTEVE MALMIERCA, IGOR","RODRIGUEZ FERNANDEZ, PABLO",PABELLÓN DE DEPORTES JAVIER IMBRODA ORTIZ,Melilla (Melilla)
2341668,HLA ALICANTE,75,MOVISTAR ESTUDIANTES,65,"9,20,25,21","20,7,16,22",16/03/2024 - 19:00,"AVILA ZURITA, JAVIER","CARPALLO MIGUELEZ, JUAN GABRIEL","CORTES PAYA, MARIA",Centre de Tecnificació Esportiva d’Alacant,Alicante/Alacant (Alicante)
2341669,LONGEVIDA SAN PABLO BURGOS,99,MELILLA CIUDAD DEL DEPORTE,72,"26,20,24,29","15,22,17,18",16/03/2024 - 20:30,"LIZANA MORENO, JOAQUIN","GARVIN DOMINGO, RODRIGO","CHUECA MORENO, ARIADNA",COLISEUM BURGOS,Burgos (Burgos)
2341670,CACERES PATRIMONIO DE LA HUMANIDAD,63,HESTIA MENORCA,56,"18,11,12,22","14,16,8,18",17/03/2024 - 19:00,"GARCIA LEON, CARLOS JAVIER","ARESTE GIRALT, EVA","SANHERMELANDO GARCIA, HECTOR",PABELLÓN MULTIUSOS CIUDAD DE CÁCERES,Cáceres (Cáceres)
2341671,AMICS CASTELLÓ,72,GRUPO URETA TIZONA BURGOS,112,"17,18,21,16","36,31,22,23",17/03/2024 - 12:00,"LOPEZ HERRADA, ENRIQUE MIGUEL","GONZALEZ CUERVO, FRANCISCO","BORREGO RODRIGUEZ, JAVIER",PAB MUNI CIUTAT CASTELLO,Castellón de la Plana/Castelló (Castellón)
2341672,GUUK GIPUZKOA BASKET,87,ICG FORÇA LLEIDA,72,"23,18,18,28","18,18,14,22",17/03/2024 - 17:00,"RIAL BARREIRO, JACOBO","GOMEZ LUQUE, JAIME","MARTINEZ ESTOPIÑAN, FERNANDO",ANGULAS AGUINAGA ARENA,Donostia-San Sebastián (Guipúzcoa)
2341673,RIOVERDE CLAVIJO,78,ALIMERKA OVIEDO BALONCESTO,81,"14,21,26,17","23,15,15,28",17/03/2024 - 12:00,"ESTEVE MALMIERCA, IGOR","MUNAR BAÑON, PEDRO ALEJANDRO","FANES MARGINET, JOAN",Palacio de los Deportes de La Rioja,Logroño (La Rioja)
2341674,BALONCESTO FUENLABRADA,88,LEYMA CORUÑA,82,"21,27,21,19","15,20,20,27",16/03/2024 - 19:00,"ZAFRA GUERRA, FRANCISCO JOSE","MORALES Gª-ALCAIDE, JUAN P.","CAAMAÑO MUÑOZ, JORGE","3664-3664-FERNANDO MARTIN, PABELLON",Fuenlabrada (Madrid)
2341675,GRUPO ALEGA CANTABRIA,67,REAL BETIS BALONCESTO,78,"12,14,21,20","23,22,11,22",17/03/2024 - 12:30,"CARRERA ROSDEVALL, ERIC","GARCIA CRESPO, MARIA ANGELES","MURILLO KHON, NICOLÁS",PABELLÓN VICENTE TRUEBA,Torrelavega (Cantabria)
2341676,UEMC REAL VALLADOLID BALONCESTO,81,CLUB OURENSE BALONCESTO,71,"22,22,15,22","24,19,12,16",16/03/2024 - 17:00,"MUÑOZ GARCIA, JORGE","ADAN RODRIGUEZ, CRISTINA","DIZ FELIPE, IMANOL",0-POLIDEPORTIVO PISUERGA,Valladolid (Valladolid)
2341677,HESTIA MENORCA,84,GRUPO ALEGA CANTABRIA,68,"18,15,29,22","23,18,11,16",23/03/2024 - 19:30,"SANCHEZ GONZALEZ, SANDRA","OLIVARES BERNABEU, JOSEP MARIA","GARVIN DOMINGO, RODRIGO",Pavelló Menorca,Mahón (Illes Balears)
2341678,LONGEVIDA SAN PABLO BURGOS,75,GUUK GIPUZKOA BASKET,70,"17,21,15,22","18,17,17,18",23/03/2024 - 20:00,"ZAFRA GUERRA, FRANCISCO JOSE","MAS CAGIDE, VICTOR","DOMINGO VILALTA, JORDI",COLISEUM BURGOS,Burgos (Burgos)
2341679,GRUPO URETA TIZONA BURGOS,90,HLA ALICANTE,75,"20,21,26,23","15,22,22,16",24/03/2024 - 17:00,"RIAL BARREIRO, JACOBO","CHECA NEBOT, DANIEL","RODRIGUEZ FERNANDEZ, PABLO",POLIDEPORTIVO MUNICIPAL EL PLANTIO,Burgos (Burgos)
2341680,LEYMA CORUÑA,97,CACERES PATRIMONIO DE LA HUMANIDAD,80,"25,19,18,35","18,21,16,25",24/03/2024 - 18:00,"ALBACETE CHAMON, ANGEL ANTONIO","MUNAR BAÑON, PEDRO ALEJANDRO","ARRESA QUINTERO, JOSE MARIA",PALACIO DE LOS DEPORTES CORUÑA,"Coruña, A (A Coruña)"
2341681,ICG FORÇA LLEIDA,90,BALONCESTO FUENLABRADA,73,"23,19,29,19","18,24,12,19",22/03/2024 - 21:00,"AVILA ZURITA, JAVIER","MARTIN VAZQUEZ, CRISTIAN","MARQUETA GRACIA, JOSE JAVIER",0-PAVELLO BARRIS NORD,Lleida (Lleida)
2341682,CLUB OURENSE BALONCESTO,92,MOVISTAR ESTUDIANTES,71,"23,21,20,28","17,23,17,14",23/03/2024 - 19:00,"BAENA CRIADO, JORGE","GONZALEZ CUERVO, FRANCISCO","REMISA TRAMUNS, MIQUEL",PAZO DOS DEPORTES PACO PAZ,Ourense (Ourense)
2341683,ALIMERKA OVIEDO BALONCESTO,80,AMICS CASTELLÓ,81,"19,21,24,16","21,16,21,23",24/03/2024 - 17:00,"CARRERA ROSDEVALL, ERIC","GARCIA CRESPO, MARIA ANGELES","CAAMAÑO MUÑOZ, JORGE",POLIDEPORTIVO MUNICIPAL DE PUMARIN,Oviedo (Asturias)
2341684,REAL BETIS BALONCESTO,94,RIOVERDE CLAVIJO,85,"25,25,21,23","21,23,15,26",23/03/2024 - 17:00,"CAÑIGUERAL NOVELLA, MIKEL","PALANCA PAGE, RODRIGO","CERVANTES FERNANDEZ, DANIEL",PALACIO MUNICIPAL DE DEPORTES SAN PABLO,Sevilla (Sevilla)
2341685,MELILLA CIUDAD DEL DEPORTE,80,UEMC REAL VALLADOLID BALONCESTO,81,"23,22,14,21","18,26,21,16",22/03/2024 - 20:15,"MORALES RUIZ, GERMAN FRANCISC0","LEZCANO, LEANDRO NICOLÁS","COLOMER CASTELLO, EDUARD",PABELLÓN DE DEPORTES JAVIER IMBRODA ORTIZ,Melilla (Melilla)
2341686,HLA ALICANTE,73,REAL BETIS BALONCESTO,78,"15,22,16,20","22,18,13,25",29/03/2024 - 20:45,"DE LUCAS DE LUCAS, ANGEL","GOMEZ LUQUE, JAIME","LANGA DE MARTIN, ASUNCION",Centre de Tecnificació Esportiva d’Alacant,Alicante/Alacant (Alicante)
2341687,CACERES PATRIMONIO DE LA HUMANIDAD,64,GRUPO URETA TIZONA BURGOS,66,"8,20,16,20","20,17,18,11",31/03/2024 - 19:00,"CAÑIGUERAL NOVELLA, MIKEL","LIZANA MORENO, JOAQUIN","Acevedo Perera, Sergio",PABELLÓN MULTIUSOS CIUDAD DE CÁCERES,Cáceres (Cáceres)
2341688,LEYMA CORUÑA,105,HESTIA MENORCA,73,"30,23,25,27","18,23,17,15",31/03/2024 - 17:00,"CARRERA ROSDEVALL, ERIC","RODRIGUEZ FERNANDEZ, PABLO","COLOMER CASTELLO, EDUARD",PALACIO DE LOS DEPORTES CORUÑA,"Coruña, A (A Coruña)"
2341689,GUUK GIPUZKOA BASKET,88,MELILLA CIUDAD DEL DEPORTE,80,"32,21,19,16","18,21,24,17",31/03/2024 - 12:30,"QUINTAS ALVAREZ, ASIER","ZAMORA RODRIGUEZ, ANTONIO MANUEL","CORTES PAYA, MARIA",ANGULAS AGUINAGA ARENA,Donostia-San Sebastián (Guipúzcoa)
2341690,RIOVERDE CLAVIJO,60,ICG FORÇA LLEIDA,72,"14,11,22,13","14,19,22,17",31/03/2024 - 18:00,"ZAFRA GUERRA, FRANCISCO JOSE","HURTADO ALMANSA, JUAN RAMON","DIZ FELIPE, IMANOL",Palacio de los Deportes de La Rioja,Logroño (La Rioja)
2341691,MOVISTAR ESTUDIANTES,95,AMICS CASTELLÓ,79,"24,18,26,27","11,17,19,32",31/03/2024 - 18:30,"MARTIN VAZQUEZ, CRISTIAN","MUÑOZ GARCIA, JORGE","VILLANUEVA TENA, JAVIER",1030-1030-1030-WIZINK CENTER,Madrid (Madrid)
2341692,BALONCESTO FUENLABRADA,76,CLUB OURENSE BALONCESTO,66,"18,30,19,9","18,13,22,13",29/03/2024 - 21:00,"LOPEZ HERRADA, ENRIQUE MIGUEL","GARVIN DOMINGO, RODRIGO","Alejo Sanchez, Andrea","3664-3664-FERNANDO MARTIN, PABELLON",Fuenlabrada (Madrid)
2341693,GRUPO ALEGA CANTABRIA,84,ALIMERKA OVIEDO BALONCESTO,83,"27,15,18,17","7,15,32,15",29/03/2024 - 20:00,"GARCIA LEON, CARLOS JAVIER","FRANQUESA VAZQUEZ, POL","ESPIAU GUARNER, ELENA",PABELLÓN VICENTE TRUEBA,Torrelavega (Cantabria)
2341694,UEMC REAL VALLADOLID BALONCESTO,91,LONGEVIDA SAN PABLO BURGOS,84,"23,20,24,24","26,22,16,20",30/03/2024 - 19:00,"LEMA PARGA, PAULA","OLIVARES BERNABEU, JOSEP MARIA","IBAÑEZ GARCIA, FERNANDO",0-POLIDEPORTIVO PISUERGA,Valladolid (Valladolid)
2341695,HESTIA MENORCA,68,RIOVERDE CLAVIJO,67,"16,24,14,14","24,16,17,10",06/04/2024 - 19:30,"MORALES RUIZ, GERMAN FRANCISC0","CAAMAÑO MUÑOZ, JORGE","ADAN RODRIGUEZ, CRISTINA",Pavelló Menorca,Mahón (Illes Balears)
2341696,LONGEVIDA SAN PABLO BURGOS,109,CACERES PATRIMONIO DE LA HUMANIDAD,102,"17,21,21,25","11,14,25,18",06/04/2024 - 20:30,"SANCHEZ GONZALEZ, SANDRA","ESTEVE MALMIERCA, IGOR","CALVO ACEÑA, ALEJANDRO",COLISEUM BURGOS,Burgos (Burgos)
2341697,GRUPO URETA TIZONA BURGOS,90,MOVISTAR ESTUDIANTES,83,"21,19,23,27","22,15,20,26",05/04/2024 - 20:45,"MAS CAGIDE, VICTOR","ZAMORA RODRIGUEZ, ANTONIO MANUEL","GARCIA CRESPO, MARIA ANGELES",POLIDEPORTIVO MUNICIPAL EL PLANTIO,Burgos (Burgos)
2341698,AMICS CASTELLÓ,90,MELILLA CIUDAD DEL DEPORTE,85,"19,15,27,29","24,19,16,26",05/04/2024 - 20:00,"RIAL BARREIRO, JACOBO","MORALES Gª-ALCAIDE, JUAN P.","SANHERMELANDO GARCIA, HECTOR",PAB MUNI CIUTAT CASTELLO,Castellón de la Plana/Castelló (Castellón)
2341699,ICG FORÇA LLEIDA,81,UEMC REAL VALLADOLID BALONCESTO,56,"28,20,14,19","11,9,18,18",05/04/2024 - 21:00,"DE LUCAS DE LUCAS, ANGEL","PALANCA PAGE, RODRIGO","FANES MARGINET, JOAN",0-PAVELLO BARRIS NORD,Lleida (Lleida)
2341700,BALONCESTO FUENLABRADA,77,HLA ALICANTE,71,"21,20,17,19","20,19,21,11",06/04/2024 - 18:30,"CAÑIGUERAL NOVELLA, MIKEL","ARESTE GIRALT, EVA","MARTINEZ ESTOPIÑAN, FERNANDO","3664-3664-FERNANDO MARTIN, PABELLON",Fuenlabrada (Madrid)
2341701,CLUB OURENSE BALONCESTO,84,LEYMA CORUÑA,87,"13,20,25,26","26,17,22,22",06/04/2024 - 19:00,"AVILA ZURITA, JAVIER","LEZCANO, LEANDRO NICOLÁS","CERVANTES FERNANDEZ, DANIEL",PAZO DOS DEPORTES PACO PAZ,Ourense (Ourense)
2341702,ALIMERKA OVIEDO BALONCESTO,86,REAL BETIS BALONCESTO,81,"19,29,15,23","24,19,21,17",06/04/2024 - 17:00,"LEMA PARGA, PAULA","CARPALLO MIGUELEZ, JUAN GABRIEL","DOMINGO VILALTA, JORDI",POLIDEPORTIVO MUNICIPAL DE PUMARIN,Oviedo (Asturias)
2341703,GRUPO ALEGA CANTABRIA,96,GUUK GIPUZKOA BASKET,106,"20,23,28,12","13,24,27,21",06/04/2024 - 19:00,"BÁEZ BATISTA, HÉCTOR","MARTINEZ PRADA, JESUS MARCOS","BORREGO RODRIGUEZ, JAVIER",PABELLÓN VICENTE TRUEBA,Torrelavega (Cantabria)
2341704,HLA ALICANTE,91,CLUB OURENSE BALONCESTO,82,"18,24,26,23","23,22,28,9",10/04/2024 - 20:45,"ZAFRA GUERRA, FRANCISCO JOSE","BÁEZ BATISTA, HÉCTOR","ARRESA QUINTERO, JOSE MARIA",Centre de Tecnificació Esportiva d’Alacant,Alicante/Alacant (Alicante)
2341705,LONGEVIDA SAN PABLO BURGOS,91,AMICS CASTELLÓ,67,"34,27,16,14","11,20,20,16",10/04/2024 - 20:45,"QUINTAS ALVAREZ, ASIER","GOMEZ LUQUE, JAIME","LANGA DE MARTIN, ASUNCION",COLISEUM BURGOS,Burgos (Burgos)
2341706,CACERES PATRIMONIO DE LA HUMANIDAD,71,BALONCESTO FUENLABRADA,97,"21,19,16,15","19,23,24,31",10/04/2024 - 20:45,"LEMA PARGA, PAULA","HURTADO ALMANSA, JUAN RAMON","COLOMER CASTELLO, EDUARD",PABELLÓN MULTIUSOS CIUDAD DE CÁCERES,Cáceres (Cáceres)
2341707,LEYMA CORUÑA,97,GRUPO URETA TIZONA BURGOS,91,"14,25,29,29","26,17,25,23",10/04/2024 - 20:30,"MORALES RUIZ, GERMAN FRANCISC0","ESTEVE MALMIERCA, IGOR","IBAÑEZ GARCIA, FERNANDO",PALACIO DE LOS DEPORTES CORUÑA,"Coruña, A (A Coruña)"
2341708,GUUK GIPUZKOA BASKET,67,ALIMERKA OVIEDO BALONCESTO,58,"27,12,14,14","14,16,13,15",10/04/2024 - 20:30,"ALBACETE CHAMON, ANGEL ANTONIO","LIZANA MORENO, JOAQUIN","GOMEZ HERNANDEZ, AITOR",ANGULAS AGUINAGA ARENA,Donostia-San Sebastián (Guipúzcoa)
2341709,RIOVERDE CLAVIJO,99,GRUPO ALEGA CANTABRIA,84,"23,27,29,20","22,16,24,22",10/04/2024 - 20:30,"LOPEZ HERRADA, ENRIQUE MIGUEL","MARTIN VAZQUEZ, CRISTIAN","MARTINEZ ESTOPIÑAN, FERNANDO",Palacio de los Deportes de La Rioja,Logroño (La Rioja)
2341710,REAL BETIS BALONCESTO,73,ICG FORÇA LLEIDA,74,"18,16,17,22","17,17,27,13",10/04/2024 - 20:00,"LEZCANO, LEANDRO NICOLÁS","FRANQUESA VAZQUEZ, POL","RODRIGUEZ FERNANDEZ, PABLO",PALACIO MUNICIPAL DE DEPORTES SAN PABLO,Sevilla (Sevilla)
2341711,UEMC REAL VALLADOLID BALONCESTO,73,MOVISTAR ESTUDIANTES,88,"31,13,12,17","20,24,21,23",09/04/2024 - 20:45,"GARCIA LEON, CARLOS JAVIER","MORALES Gª-ALCAIDE, JUAN P.","ARESTE GIRALT, EVA",0-POLIDEPORTIVO PISUERGA,Valladolid (Valladolid)
2341712,MELILLA CIUDAD DEL DEPORTE,74,HESTIA MENORCA,92,"15,19,18,22","24,21,18,29",10/04/2024 - 20:15,"DE LUCAS DE LUCAS, ANGEL","MARQUETA GRACIA, JOSE JAVIER","VILLANUEVA TENA, JAVIER",PABELLÓN DE DEPORTES JAVIER IMBRODA ORTIZ,Melilla (Melilla)
2341713,GRUPO URETA TIZONA BURGOS,89,MELILLA CIUDAD DEL DEPORTE,74,"27,16,23,23","14,14,31,15",14/04/2024 - 17:00,"ZAFRA GUERRA, FRANCISCO JOSE","GOMEZ LUQUE, JAIME","Alejo Sanchez, Andrea",POLIDEPORTIVO MUNICIPAL EL PLANTIO,Burgos (Burgos)
2341714,AMICS CASTELLÓ,83,HESTIA MENORCA,84,"15,16,19,24","9,20,20,22",14/04/2024 - 20:00,"LEZCANO, LEANDRO NICOLÁS","MUNAR BAÑON, PEDRO ALEJANDRO","ESPIAU GUARNER, ELENA",PAB MUNI CIUTAT CASTELLO,Castellón de la Plana/Castelló (Castellón)
2341715,LEYMA CORUÑA,80,UEMC REAL VALLADOLID BALONCESTO,66,"20,17,26,17","13,11,19,23",14/04/2024 - 18:00,"LOPEZ HERRADA, ENRIQUE MIGUEL","QUINTAS ALVAREZ, ASIER","ADAN RODRIGUEZ, CRISTINA",PALACIO DE LOS DEPORTES CORUÑA,"Coruña, A (A Coruña)"
2341716,ICG FORÇA LLEIDA,91,HLA ALICANTE,77,"26,23,31,11","18,17,15,27",14/04/2024 - 12:30,"OLIVARES BERNABEU, JOSEP MARIA","GONZALEZ CUERVO, FRANCISCO","DOMINGO VILALTA, JORDI",0-PAVELLO BARRIS NORD,Lleida (Lleida)
2341717,MOVISTAR ESTUDIANTES,90,GUUK GIPUZKOA BASKET,81,"21,31,19,19","25,14,17,25",14/04/2024 - 12:30,"DE LUCAS DE LUCAS, ANGEL","CARRERA ROSDEVALL, ERIC","MURILLO KHON, NICOLÁS",1030-1030-1030-WIZINK CENTER,Madrid (Madrid)
2341718,BALONCESTO FUENLABRADA,78,RIOVERDE CLAVIJO,75,"20,22,16,20","24,15,15,21",14/04/2024 - 18:30,"MUÑOZ GARCIA, JORGE","MARTINEZ PRADA, JESUS MARCOS","CORTES PAYA, MARIA","3664-3664-FERNANDO MARTIN, PABELLON",Fuenlabrada (Madrid)
2341719,CLUB OURENSE BALONCESTO,65,GRUPO ALEGA CANTABRIA,72,"8,18,15,24","15,19,19,19",14/04/2024 - 12:30,"LEMA PARGA, PAULA","PALANCA PAGE, RODRIGO","IBAÑEZ GARCIA, FERNANDO",PAZO DOS DEPORTES PACO PAZ,Ourense (Ourense)
2341720,ALIMERKA OVIEDO BALONCESTO,89,CACERES PATRIMONIO DE LA HUMANIDAD,71,"21,25,28,15","21,13,19,18",14/04/2024 - 12:00,"MORALES RUIZ, GERMAN FRANCISC0","GARVIN DOMINGO, RODRIGO","DIZ FELIPE, IMANOL",POLIDEPORTIVO MUNICIPAL DE PUMARIN,Oviedo (Asturias)
2341721,REAL BETIS BALONCESTO,76,LONGEVIDA SAN PABLO BURGOS,88,"21,22,20,13","21,21,23,23",14/04/2024 - 12:30,"GARCIA LEON, CARLOS JAVIER","BAENA CRIADO, JORGE","CAAMAÑO MUÑOZ, JORGE",PALACIO MUNICIPAL DE DEPORTES SAN PABLO,Sevilla (Sevilla)
2341722,HLA ALICANTE,84,LEYMA CORUÑA,74,"15,18,19,32","21,14,20,19",19/04/2024 - 20:45,"GARCIA LEON, CARLOS JAVIER","HURTADO ALMANSA, JUAN RAMON","FANES MARGINET, JOAN",Centre de Tecnificació Esportiva d’Alacant,Alicante/Alacant (Alicante)
2341723,HESTIA MENORCA,85,BALONCESTO FUENLABRADA,88,"22,20,28,15","20,26,23,19",20/04/2024 - 19:30,"RIAL BARREIRO, JACOBO","ZAMORA RODRIGUEZ, ANTONIO MANUEL","CHUECA MORENO, ARIADNA",Pavelló Menorca,Mahón (Illes Balears)
2341724,LONGEVIDA SAN PABLO BURGOS,87,ALIMERKA OVIEDO BALONCESTO,68,"29,20,16,22","16,12,19,21",20/04/2024 - 20:00,"CAÑIGUERAL NOVELLA, MIKEL","GARCIA CRESPO, MARIA ANGELES","MURILLO KHON, NICOLÁS",COLISEUM BURGOS,Burgos (Burgos)
2341725,CACERES PATRIMONIO DE LA HUMANIDAD,71,CLUB OURENSE BALONCESTO,77,"20,21,14,16","13,26,13,25",19/04/2024 - 20:45,"MORALES Gª-ALCAIDE, JUAN P.","MARTIN VAZQUEZ, CRISTIAN","MARTINEZ ESTOPIÑAN, FERNANDO",PABELLÓN MULTIUSOS CIUDAD DE CÁCERES,Cáceres (Cáceres)
2341726,GUUK GIPUZKOA BASKET,93,REAL BETIS BALONCESTO,99,"22,24,17,19","11,25,10,24",21/04/2024 - 18:00,"MORALES RUIZ, GERMAN FRANCISC0","SANCHEZ GONZALEZ, SANDRA","ADAN RODRIGUEZ, CRISTINA",ANGULAS AGUINAGA ARENA,Donostia-San Sebastián (Guipúzcoa)
2341727,RIOVERDE CLAVIJO,93,AMICS CASTELLÓ,96,"17,24,15,37","28,21,27,20",21/04/2024 - 12:00,"OLIVARES BERNABEU, JOSEP MARIA","CARPALLO MIGUELEZ, JUAN GABRIEL","RODRIGUEZ FERNANDEZ, PABLO",Palacio de los Deportes de La Rioja,Logroño (La Rioja)
2341728,GRUPO ALEGA CANTABRIA,67,MOVISTAR ESTUDIANTES,81,"22,18,8,19","23,12,26,20",20/04/2024 - 17:00,"ESTEVE MALMIERCA, IGOR","FRANQUESA VAZQUEZ, POL","SANHERMELANDO GARCIA, HECTOR",PABELLÓN VICENTE TRUEBA,Torrelavega (Cantabria)
