id_partido,equipo,titular,dorsal,nombre,minutos,puntos,T2 encestados,T2 totales,% T2,T3 encestados,T3 totales,% T3,TC encestados,TC totales,% TC,TL encestados,TL totales,% TL,rebotes_ofensivos,rebotes_defensivos,rebotes_totales,asistencias,recuperaciones,perdidas,tapones_favor,tapones_contra,mates,faltas_cometidas,faltas_recibidas,valoracion,+/-
2341452,HLA ALICANTE,,0,"SERRANO ALVAREZ, MIGUEL",08:05,0,0,1,0.0,0,0,0.0,0,1,0.0,0,0,0.0,0,0,0,0,2,2,0,0,0,3,0,-4,4
2341452,HLA ALICANTE,*,1,"HARRIS, TYLER REED",21:30,12,3,5,60.0,2,2,100.0,5,7,71.4,0,0,0.0,0,1,1,4,0,3,0,0,0,2,1,11,18
2341452,HLA ALICANTE,*,4,"DAVISON, BRADLEY JAMES",21:52,14,1,2,50.0,3,4,75.0,4,6,66.7,3,5,60.0,0,3,3,1,1,1,0,1,0,0,6,20,34
2341452,HLA ALICANTE,*,6,"GUDMUNDSSON, JON AXEL",21:30,10,1,4,25.0,2,5,40.0,3,9,33.3,2,2,100.0,0,3,3,6,2,1,0,0,0,2,3,15,18
2341452,HLA ALICANTE,,7,"BERCY, KEVIN RICHARD",14:56,9,3,7,42.9,0,0,0.0,3,7,42.9,3,3,100.0,4,0,4,0,0,1,0,0,0,2,3,9,14
2341452,HLA ALICANTE,,11,"BALINT, RICHARD",19:10,4,2,3,66.7,0,2,0.0,2,5,40.0,0,0,0.0,1,1,2,2,1,2,1,0,1,4,0,1,18
2341452,HLA ALICANTE,,12,"GATELL SANZ, EDUARD",14:49,5,2,3,66.7,0,0,0.0,2,3,66.7,1,1,100.0,1,3,4,1,0,0,0,0,0,4,1,6,16
2341452,HLA ALICANTE,,13,"RODRIGUEZ JUAN, ADRIA",17:09,7,1,4,25.0,1,5,20.0,2,9,22.2,2,2,100.0,0,0,0,3,3,1,1,0,1,4,2,4,18
2341452,HLA ALICANTE,*,15,"KOSTADINOV, KONSTANTIN IROLAVOV",18:16,15,6,6,100.0,0,1,0.0,6,7,85.7,3,4,75.0,3,1,4,1,0,1,0,0,3,1,2,18,18
2341452,HLA ALICANTE,*,34,"BARRO, SERIGNE M M SY DIT DIAMIL",21:46,13,6,11,54.5,0,0,0.0,6,11,54.5,1,4,25.0,2,4,6,1,1,0,2,3,1,2,2,15,18
2341452,HLA ALICANTE,,44,"HOOK, DAVID PATRIK",17:32,3,0,0,0.0,1,3,33.3,1,3,33.3,0,0,0.0,0,2,2,2,1,0,0,0,0,1,0,5,2
2341452,HLA ALICANTE,,88,"TEIXEIRA DO VALE DIAS, TIAGO FILIPE",03:25,0,0,0,0.0,0,0,0.0,0,0,0.0,0,0,0.0,0,0,0,0,1,0,0,0,0,0,0,1,2
2341452,RIOVERDE CLAVIJO,,5,"DE PABLO DEL CASTILLO, MIGUEL",16:51,9,1,1,100.0,1,3,33.3,2,4,50.0,4,5,80.0,0,1,1,3,0,2,0,0,0,0,3,11,-7
2341452,RIOVERDE CLAVIJO,*,7,"ESTEVES-GARCIA COFFI, JUAN ALBERTO",24:45,8,2,5,40.0,1,2,50.0,3,7,42.9,1,2,50.0,2,0,2,2,1,6,1,2,0,3,2,2,-32
2341452,RIOVERDE CLAVIJO,,9,"ARBOSA ROLDAN, HUGO",10:28,0,0,0,0.0,0,1,0.0,0,1,0.0,0,0,0.0,0,1,1,1,0,2,0,0,0,2,1,-2,-13
2341452,RIOVERDE CLAVIJO,*,10,"CABRERA GARRANCHO, ALBERTO",23:09,2,1,3,33.3,0,2,0.0,1,5,20.0,0,0,0.0,2,5,7,3,0,3,0,0,0,2,11,14,-29
2341452,RIOVERDE CLAVIJO,*,12,"NICOLAU ALEDON, JAVIER",27:46,14,6,12,50.0,0,1,0.0,6,13,46.2,2,4,50.0,2,2,4,1,0,2,1,1,2,3,3,9,-32
2341452,RIOVERDE CLAVIJO,,14,"TAMBA VILLEN, ISMAEL",21:00,2,1,1,100.0,0,1,0.0,1,2,50.0,0,0,0.0,0,1,1,2,1,1,1,0,0,1,0,4,-13
2341452,RIOVERDE CLAVIJO,*,23,"NORRIS JR, ANDRE LAZAR",25:39,3,1,4,25.0,0,3,0.0,1,7,14.3,1,2,50.0,2,4,6,2,2,6,1,0,0,2,1,0,-22
2341452,RIOVERDE CLAVIJO,,33,"TORRES CUEVAS, KEVIN",18:54,10,1,3,33.3,1,1,100.0,2,4,50.0,5,6,83.3,1,4,5,2,0,1,0,0,0,2,3,14,-16
2341452,RIOVERDE CLAVIJO,*,55,"TREVIÑO QUINTILLA, PAU",17:59,5,2,5,40.0,0,0,0.0,2,5,40.0,1,1,100.0,2,1,3,0,3,2,0,0,0,3,1,4,-6
2341452,RIOVERDE CLAVIJO,,77,"KNUDSEN, DAVID ERIK",13:29,3,0,1,0.0,1,6,16.7,1,7,14.3,0,0,0.0,2,2,4,0,1,0,0,1,0,2,0,0,-10
2341453,HESTIA MENORCA,,3,"TOMAIC TOMAIC, JOSHUA TYRON",07:21,0,0,1,0.0,0,0,0.0,0,1,0.0,0,0,0.0,1,0,1,0,0,0,0,0,0,0,0,0,-7
2341453,HESTIA MENORCA,,4,"SANZ BARRIO, ALVARO MIGUEL",10:22,4,1,1,100.0,0,0,0.0,1,1,100.0,2,2,100.0,0,1,1,0,1,0,0,0,0,5,1,2,-3
2341453,HESTIA MENORCA,*,7,"LO, OMAR KABIR",15:42,3,1,2,50.0,0,1,0.0,1,3,33.3,1,4,25.0,1,6,7,1,0,1,0,0,0,1,2,6,-15
2341453,HESTIA MENORCA,*,11,"HANNAH, CLEVIN FINLEY",36:12,17,2,4,50.0,4,12,33.3,6,16,37.5,1,1,100.0,0,0,0,4,1,2,0,1,0,1,2,11,-21
2341453,HESTIA MENORCA,*,12,"ALDERETE DIAZ, DIEGO",30:54,10,3,4,75.0,1,6,16.7,4,10,40.0,1,1,100.0,0,4,4,0,0,0,0,0,0,4,5,9,-19
2341453,HESTIA MENORCA,,15,"MOLINS CALDERON, POL",02:14,0,0,0,0.0,0,0,0.0,0,0,0.0,0,0,0.0,0,0,0,1,0,0,0,0,0,1,0,0,-1
2341453,HESTIA MENORCA,,17,"STOILOV, EMIL EMILOV",23:01,2,1,2,50.0,0,0,0.0,1,2,50.0,0,2,0.0,2,1,3,0,0,1,1,0,0,2,4,4,0
2341453,HESTIA MENORCA,*,21,"DEMERS, ERIC JAMES",36:49,15,4,7,57.1,1,11,9.1,5,18,27.8,4,6,66.7,1,2,3,1,0,4,1,1,0,2,4,3,-13
2341453,HESTIA MENORCA,,22,"SUÁREZ CUSTODIO, PABLO",11:46,9,0,0,0.0,3,3,100.0,3,3,100.0,0,0,0.0,0,0,0,0,0,0,0,0,0,3,0,6,7
2341453,HESTIA MENORCA,*,77,"ARTEAGA GONZALEZ, VICTOR JESUS",25:39,6,3,3,100.0,0,0,0.0,3,3,100.0,0,0,0.0,0,1,1,0,0,1,1,0,0,1,0,6,-13
2341453,MELILLA CIUDAD DEL DEPORTE,*,1,"MARJANOVIC, ANDRIJA",25:45,3,0,2,0.0,1,4,25.0,1,6,16.7,0,0,0.0,1,1,2,0,0,2,2,0,0,4,0,-4,15
2341453,MELILLA CIUDAD DEL DEPORTE,,5,"FIGUEROA ÁLVAREZ, HÉCTOR",01:35,5,1,1,100.0,1,1,100.0,2,2,100.0,0,0,0.0,0,0,0,1,0,0,0,0,0,1,0,5,0
2341453,MELILLA CIUDAD DEL DEPORTE,*,7,"VAN DYKE, PARKER DERRAH",31:58,20,8,9,88.9,1,5,20.0,9,14,64.3,1,2,50.0,2,1,3,4,4,0,0,0,0,1,1,25,25
2341453,MELILLA CIUDAD DEL DEPORTE,*,8,"LEPICHEV, SIMEON IVANOV",23:23,7,3,6,50.0,0,1,0.0,3,7,42.9,1,2,50.0,1,5,6,2,1,2,0,1,0,1,2,10,19
2341453,MELILLA CIUDAD DEL DEPORTE,,9,"ARCOS GONZALEZ, GUILLEM",15:59,8,4,4,100.0,0,1,0.0,4,5,80.0,0,0,0.0,0,0,0,2,1,2,0,0,0,5,3,6,1
2341453,MELILLA CIUDAD DEL DEPORTE,,10,"MULERO MALDONADO, GUILLERMO",02:38,0,0,1,0.0,0,0,0.0,0,1,0.0,0,0,0.0,1,0,1,0,0,0,0,0,0,0,0,0,-3
2341453,MELILLA CIUDAD DEL DEPORTE,*,11,"RICHMOND, RYAN TIMOTHY",23:21,8,3,10,30.0,0,0,0.0,3,10,30.0,2,4,50.0,0,3,3,4,0,1,0,1,0,0,5,10,17
2341453,MELILLA CIUDAD DEL DEPORTE,*,25,"NORELIA, MARC-EDY",24:49,17,6,9,66.7,0,0,0.0,6,9,66.7,5,6,83.3,4,5,9,0,0,2,0,1,2,2,5,23,11
2341453,MELILLA CIUDAD DEL DEPORTE,,31,"GADILIAUSKAS, ROKAS",06:42,0,0,1,0.0,0,0,0.0,0,1,0.0,0,0,0.0,0,0,0,0,0,0,0,0,0,0,0,-1,-4
2341453,MELILLA CIUDAD DEL DEPORTE,,44,"VARENCE, HASAN SHAKUR",25:06,15,4,5,80.0,2,2,100.0,6,7,85.7,1,2,50.0,2,9,11,0,0,0,0,0,0,1,3,26,8
2341453,MELILLA CIUDAD DEL DEPORTE,,55,"TAMULIS, JUSTAS",18:44,0,0,0,0.0,0,3,0.0,0,3,0.0,0,0,0.0,0,1,1,0,0,0,0,0,0,3,1,-4,-4
2341454,GRUPO URETA TIZONA BURGOS,,7,"ALVARADO RODRIGUEZ, OSCAR MIGUEL",12:39,0,0,2,0.0,0,0,0.0,0,2,0.0,0,0,0.0,0,0,0,0,0,0,0,0,0,0,0,-2,5
2341454,GRUPO URETA TIZONA BURGOS,*,10,"PARRADO CALABRIA, ARNAU",29:45,10,2,4,50.0,0,6,0.0,2,10,20.0,6,6,100.0,0,4,4,1,0,0,0,0,0,4,8,11,13
2341454,GRUPO URETA TIZONA BURGOS,,13,"VILA SOLEY, RAMON",29:00,20,9,14,64.3,0,1,0.0,9,15,60.0,2,3,66.7,6,4,10,1,1,3,0,0,2,4,4,22,14
2341454,GRUPO URETA TIZONA BURGOS,,14,"MUNFORD MONTEIRO, RAFAEL",07:40,3,1,1,100.0,0,0,0.0,1,1,100.0,1,2,50.0,1,0,1,0,0,1,0,0,0,2,2,2,-6
2341454,GRUPO URETA TIZONA BURGOS,,21,"BÖHM, DAVID",02:14,0,0,0,0.0,0,0,0.0,0,0,0.0,0,0,0.0,0,0,0,0,0,0,0,0,0,1,0,-1,-3
2341454,GRUPO URETA TIZONA BURGOS,*,24,"CREMO, JOSEPH ROBERT",24:11,18,1,4,25.0,5,6,83.3,6,10,60.0,1,1,100.0,0,2,2,1,2,1,0,1,0,3,3,18,3
2341454,GRUPO URETA TIZONA BURGOS,,34,"KIELI, GARMINE KANDE",08:24,5,2,2,100.0,0,0,0.0,2,2,100.0,1,2,50.0,1,0,1,0,0,0,0,0,0,3,2,4,-1
2341454,GRUPO URETA TIZONA BURGOS,*,35,"SEOANE RODICIO, RODRIGO",24:14,1,0,1,0.0,0,1,0.0,0,2,0.0,1,2,50.0,0,1,1,3,0,0,0,0,0,4,1,-1,4
2341454,GRUPO URETA TIZONA BURGOS,*,44,"THIAM, ABDOU",10:18,4,2,2,100.0,0,0,0.0,2,2,100.0,0,0,0.0,2,4,6,1,0,2,0,0,0,3,1,7,-11
2341454,GRUPO URETA TIZONA BURGOS,,55,"JOFRESA SARRET, GERARD",14:27,13,0,0,0.0,3,8,37.5,3,8,37.5,4,4,100.0,0,0,0,0,0,2,0,0,0,1,2,7,8
2341454,GRUPO URETA TIZONA BURGOS,,60,"ALONSO RUIZ, AYOZE",14:20,2,1,3,33.3,0,0,0.0,1,3,33.3,0,0,0.0,0,0,0,2,0,1,0,0,0,1,3,3,-11
2341454,GRUPO URETA TIZONA BURGOS,*,88,"CUEVAS SIMARRO, DIDAC",22:48,16,2,3,66.7,2,9,22.2,4,12,33.3,6,8,75.0,0,2,2,2,4,0,0,0,0,4,8,18,15
2341454,UEMC REAL VALLADOLID BALONCESTO,*,0,"SCHMIDT, DEVIN LAWRENCE",24:19,16,2,7,28.6,2,5,40.0,4,12,33.3,6,6,100.0,0,4,4,1,0,2,0,0,0,3,3,11,-6
2341454,UEMC REAL VALLADOLID BALONCESTO,,1,"COSTA VAZQUEZ, SERGI",20:03,0,0,2,0.0,0,1,0.0,0,3,0.0,0,0,0.0,0,3,3,5,1,1,0,0,0,2,1,4,-12
2341454,UEMC REAL VALLADOLID BALONCESTO,*,3,"TORRES CUEVAS, MICHAEL",19:57,17,4,6,66.7,1,1,100.0,5,7,71.4,6,6,100.0,0,1,1,2,1,3,0,0,0,5,4,15,6
2341454,UEMC REAL VALLADOLID BALONCESTO,,5,"GARCIA-ABRIL GUERRERO, JUAN",00:52,0,0,0,0.0,0,0,0.0,0,0,0.0,0,0,0.0,0,0,0,0,0,0,0,0,0,0,0,0,2
2341454,UEMC REAL VALLADOLID BALONCESTO,,6,"PUIDET, JAAN",11:26,5,2,2,100.0,0,1,0.0,2,3,66.7,1,3,33.3,1,0,1,1,0,3,0,0,0,4,2,-1,3
2341454,UEMC REAL VALLADOLID BALONCESTO,,8,"ROYO ARGOTE, IÑIGO",02:26,2,1,1,100.0,0,0,0.0,1,1,100.0,0,0,0.0,0,0,0,0,0,1,0,0,0,1,0,0,-2
2341454,UEMC REAL VALLADOLID BALONCESTO,,10,"N'GUESSAN, MARINUS LUCAS",19:48,10,4,5,80.0,0,0,0.0,4,5,80.0,2,4,50.0,4,4,8,1,1,4,0,0,2,3,5,15,-7
2341454,UEMC REAL VALLADOLID BALONCESTO,,20,"KOVACEVIC, MAJ",19:23,9,1,2,50.0,1,2,50.0,2,4,50.0,4,4,100.0,0,1,1,0,1,3,0,0,0,2,3,7,-16
2341454,UEMC REAL VALLADOLID BALONCESTO,*,22,"DE LA FUENTE VALDIZAN, SERGIO",17:18,13,5,6,83.3,0,2,0.0,5,8,62.5,3,3,100.0,1,3,4,0,1,1,0,0,0,3,3,14,4
2341454,UEMC REAL VALLADOLID BALONCESTO,,23,"FERNANDEZ MANZANARES, JAIME",20:15,9,1,3,33.3,2,3,66.7,3,6,50.0,1,3,33.3,0,4,4,0,2,0,0,0,0,2,5,13,-6
2341454,UEMC REAL VALLADOLID BALONCESTO,*,24,"NWOGBO, LOTANNA  AFAM",19:49,2,1,2,50.0,0,0,0.0,1,2,50.0,0,0,0.0,0,5,5,0,1,2,1,0,1,5,2,3,1
2341454,UEMC REAL VALLADOLID BALONCESTO,*,35,"BELEMENE DZABATOU, JUDICAEL ROMARIC",24:24,3,0,0,0.0,1,2,50.0,1,2,50.0,0,0,0.0,0,3,3,1,0,0,0,0,0,4,2,4,3
2341455,CACERES PATRIMONIO DE LA HUMANIDAD,*,2,"BONILLA SILVA, YAHIR GAEL",30:17,12,4,6,66.7,1,2,50.0,5,8,62.5,1,2,50.0,3,3,6,4,2,2,0,0,0,3,1,16,-8
2341455,CACERES PATRIMONIO DE LA HUMANIDAD,*,4,"ATENCIA SUAREZ, HANSEL GIOVANNI",22:49,7,3,10,30.0,0,2,0.0,3,12,25.0,1,2,50.0,0,3,3,3,1,0,0,0,0,3,4,5,-1
2341455,CACERES PATRIMONIO DE LA HUMANIDAD,*,11,"RAITANEN, REMU EMIL",24:09,8,2,4,50.0,0,2,0.0,2,6,33.3,4,5,80.0,1,4,5,0,0,1,0,0,0,2,2,7,-12
2341455,CACERES PATRIMONIO DE LA HUMANIDAD,,12,"CEPUKAITIS, VAIDAS",11:02,2,0,1,0.0,0,0,0.0,0,1,0.0,2,6,33.3,2,1,3,0,0,0,0,0,0,3,5,2,-18
2341455,CACERES PATRIMONIO DE LA HUMANIDAD,,16,"SANCHEZ INFANTES, PABLO",10:26,0,0,0,0.0,0,4,0.0,0,4,0.0,0,0,0.0,0,0,0,0,0,1,0,0,0,2,0,-7,-9
2341455,CACERES PATRIMONIO DE LA HUMANIDAD,*,20,"DA SILVA ANDRÉ, DIKEMBE",28:58,16,6,11,54.5,0,0,0.0,6,11,54.5,4,7,57.1,3,8,11,0,1,3,0,1,1,2,5,20,-5
2341455,CACERES PATRIMONIO DE LA HUMANIDAD,*,22,"GANTT, GREGORY ROBERT",31:49,10,2,7,28.6,0,2,0.0,2,9,22.2,6,7,85.7,0,1,1,0,1,1,0,0,0,2,3,4,-16
2341455,CACERES PATRIMONIO DE LA HUMANIDAD,,24,"RODRIGUEZ GARCIA, DANIEL",12:05,2,0,0,0.0,0,2,0.0,0,2,0.0,2,2,100.0,0,2,2,0,0,3,0,0,0,0,3,2,-18
2341455,CACERES PATRIMONIO DE LA HUMANIDAD,,33,"SANTANA LUCHORO, JUAN JOSE",15:51,3,0,0,0.0,1,4,25.0,1,4,25.0,0,0,0.0,0,3,3,0,0,1,0,0,0,1,0,1,-11
2341455,CACERES PATRIMONIO DE LA HUMANIDAD,,88,"CARREÑO VIDAL, PAU",12:34,0,0,0,0.0,0,0,0.0,0,0,0.0,0,0,0.0,0,1,1,0,0,0,0,0,0,3,1,-1,-17
2341455,MOVISTAR ESTUDIANTES,*,1,"DEE, JOHN ANDREW",19:36,6,1,2,50.0,1,1,100.0,2,3,66.7,1,2,50.0,0,0,0,0,0,1,0,0,0,1,1,3,3
2341455,MOVISTAR ESTUDIANTES,*,2,"WINTERING, ALEC MARTIN",24:17,10,4,8,50.0,0,1,0.0,4,9,44.4,2,6,33.3,0,2,2,3,0,1,0,0,0,2,4,7,14
2341455,MOVISTAR ESTUDIANTES,,3,"NZOSA MANZILA, YANNICK",15:08,4,2,5,40.0,0,0,0.0,2,5,40.0,0,0,0.0,2,5,7,2,1,1,1,0,1,3,0,8,17
2341455,MOVISTAR ESTUDIANTES,*,4,"RODRÍGUEZ FEBLES, SERGIO",20:15,13,3,5,60.0,2,4,50.0,5,9,55.6,1,1,100.0,0,7,7,1,3,1,0,0,0,1,3,21,2
2341455,MOVISTAR ESTUDIANTES,,5,"SOLA IDDRISU, ADAMS",21:46,2,1,2,50.0,0,0,0.0,1,2,50.0,0,0,0.0,1,3,4,1,1,0,0,0,0,2,1,6,19
2341455,MOVISTAR ESTUDIANTES,,8,"LOPEZ BARRANTES, HUGO",05:34,4,1,1,100.0,0,0,0.0,1,1,100.0,2,2,100.0,0,0,0,0,0,0,0,0,0,5,1,0,4
2341455,MOVISTAR ESTUDIANTES,,10,"ALONSO MARTÍNEZ, FRANCISCO FERNANDO",18:39,25,3,4,75.0,5,7,71.4,8,11,72.7,4,5,80.0,1,1,2,1,1,1,0,0,0,1,4,27,19
2341455,MOVISTAR ESTUDIANTES,*,11,"MURPHY, ALEX JAMES",26:22,6,0,3,0.0,2,2,100.0,2,5,40.0,0,2,0.0,3,3,6,2,1,1,0,0,0,2,1,8,10
2341455,MOVISTAR ESTUDIANTES,*,13,"LARSEN, KEVIN RICKI",17:25,3,0,5,0.0,0,0,0.0,0,5,0.0,3,4,75.0,1,2,3,0,0,2,0,0,0,3,2,-3,0
2341455,MOVISTAR ESTUDIANTES,,43,"SUAREZ GARCIA-OSORIO, CARLOS",15:15,6,0,0,0.0,2,4,50.0,2,4,50.0,0,0,0.0,0,2,2,0,1,1,0,0,0,2,2,6,18
2341455,MOVISTAR ESTUDIANTES,,44,"LEIMANIS, TOMS ELVIS",15:43,4,2,6,33.3,0,4,0.0,2,10,20.0,0,2,0.0,0,2,2,3,0,1,0,0,0,2,2,-2,9
2341456,ICG FORÇA LLEIDA,,0,"DE SOUSA ANJO BRITO, DIOGO EMANUEL",25:54,15,2,8,25.0,3,6,50.0,5,14,35.7,2,4,50.0,4,6,10,2,3,0,0,1,0,2,2,19,-2
2341456,ICG FORÇA LLEIDA,*,3,"MATULIONIS, OSVALDAS",31:26,13,2,3,66.7,2,7,28.6,4,10,40.0,3,3,100.0,2,5,7,0,1,1,0,0,0,3,3,14,6
2341456,ICG FORÇA LLEIDA,*,4,"VILLAR CORNAGO, RAFAEL",23:20,8,3,3,100.0,0,1,0.0,3,4,75.0,2,4,50.0,2,3,5,2,0,1,0,0,0,2,8,17,7
2341456,ICG FORÇA LLEIDA,*,6,"CUELLAR GARCIA, DAVID",19:34,2,1,3,33.3,0,2,0.0,1,5,20.0,0,0,0.0,2,3,5,3,1,0,0,0,0,1,1,7,14
2341456,ICG FORÇA LLEIDA,,13,"LOBO MARTORELL, JAUME",22:41,12,3,7,42.9,0,6,0.0,3,13,23.1,6,6,100.0,0,1,1,1,1,1,0,3,0,3,4,5,0
2341456,ICG FORÇA LLEIDA,*,23,"KUATH, KUR NYOK",31:36,15,7,10,70.0,0,0,0.0,7,10,70.0,1,1,100.0,0,4,4,1,0,2,1,0,3,2,1,15,8
2341456,ICG FORÇA LLEIDA,*,24,"ARROYO VARELA, IGNACIO ANDRES",24:59,10,1,4,25.0,2,6,33.3,3,10,30.0,2,2,100.0,0,1,1,1,1,2,0,1,0,2,1,3,0
2341456,ICG FORÇA LLEIDA,,32,"THOMAS, QUINTROLL DAROLL",08:24,0,0,2,0.0,0,0,0.0,0,2,0.0,0,0,0.0,3,1,4,1,0,1,0,0,0,3,0,-1,-1
2341456,ICG FORÇA LLEIDA,,33,"SIMEUNOVIC, DJORDJE",12:06,0,0,0,0.0,0,1,0.0,0,1,0.0,0,0,0.0,0,2,2,0,1,0,1,0,0,0,0,3,3
2341456,GUUK GIPUZKOA BASKET,*,3,"BARCELLO, ALEXANDER MICHAEL",23:38,5,1,3,33.3,1,4,25.0,2,7,28.6,0,0,0.0,2,5,7,0,0,3,0,0,0,4,1,1,-5
2341456,GUUK GIPUZKOA BASKET,*,5,"CARLSON, MICHAEL KAZ",20:07,12,2,4,50.0,2,5,40.0,4,9,44.4,2,2,100.0,0,0,0,0,0,1,0,1,0,1,2,7,-5
2341456,GUUK GIPUZKOA BASKET,*,7,"OROZ URIA, XABIER",25:22,4,2,2,100.0,0,6,0.0,2,8,25.0,0,0,0.0,0,3,3,4,3,4,0,0,0,2,1,3,-2
2341456,GUUK GIPUZKOA BASKET,,8,"STÜRUP, MADS BONDE",04:43,0,0,0,0.0,0,0,0.0,0,0,0.0,0,0,0.0,0,0,0,0,0,0,0,0,0,3,0,-3,-4
2341456,GUUK GIPUZKOA BASKET,,9,"MOTOS CABODEVILLA, MIKEL",17:48,12,1,1,100.0,3,3,100.0,4,4,100.0,1,3,33.3,0,3,3,3,1,2,1,0,0,5,4,15,-4
2341456,GUUK GIPUZKOA BASKET,*,10,"ANSORREGUI DEBA, MANEX",10:42,3,1,3,33.3,0,1,0.0,1,4,25.0,1,2,50.0,0,1,1,1,0,1,1,0,0,0,1,2,-15
2341456,GUUK GIPUZKOA BASKET,,11,"VRANKIC, JOSIP",24:00,3,0,4,0.0,1,2,50.0,1,6,16.7,0,0,0.0,2,2,4,0,0,1,0,1,0,2,0,-1,0
2341456,GUUK GIPUZKOA BASKET,,12,"HARRELL, MASON ZANE",10:01,5,2,4,50.0,0,0,0.0,2,4,50.0,1,2,50.0,0,0,0,3,0,1,1,0,0,3,2,4,1
2341456,GUUK GIPUZKOA BASKET,,13,"MARTINEZ DE LA ORDEN, ANDER",27:35,9,0,1,0.0,3,6,50.0,3,7,42.9,0,0,0.0,1,5,6,2,0,0,1,0,0,0,1,15,10
2341456,GUUK GIPUZKOA BASKET,*,15,"AURRECOECHEA ALCOLADO, IVAN",16:45,7,3,6,50.0,0,1,0.0,3,7,42.9,1,4,25.0,2,3,5,2,1,0,0,0,1,0,3,11,-10
2341456,GUUK GIPUZKOA BASKET,,55,"MARCIUS, ALEKSANDAR",19:19,8,3,6,50.0,0,0,0.0,3,6,50.0,2,3,66.7,3,5,8,3,0,0,1,0,0,0,3,19,-1
2341457,BALONCESTO FUENLABRADA,*,4,"DIAZ, MATEO",21:57,8,4,8,50.0,0,0,0.0,4,8,50.0,0,0,0.0,0,7,7,2,0,2,0,0,0,3,2,10,-9
2341457,BALONCESTO FUENLABRADA,*,5,"ARANITOVIC, PETAR",08:56,0,0,3,0.0,0,1,0.0,0,4,0.0,0,2,0.0,0,1,1,0,0,2,0,2,0,0,2,-5,-17
2341457,BALONCESTO FUENLABRADA,,7,"BELLAS GARCIA, TOMAS",24:43,14,0,5,0.0,4,6,66.7,4,11,36.4,2,2,100.0,3,1,4,2,0,3,0,0,0,4,5,11,-4
2341457,BALONCESTO FUENLABRADA,*,9,"BILBAO TORRONTEGUI, JORGE ALAIN",19:33,0,0,3,0.0,0,0,0.0,0,3,0.0,0,0,0.0,1,1,2,1,0,0,0,0,0,2,2,0,-1
2341457,BALONCESTO FUENLABRADA,,12,"EHIGITOR EHIGITOR, OSAS",03:05,2,0,0,0.0,0,0,0.0,0,0,0.0,2,2,100.0,0,0,0,0,0,0,0,0,0,0,1,3,-5
2341457,BALONCESTO FUENLABRADA,,15,"MC GREW, TANNER BRYCE",28:44,14,4,4,100.0,1,3,33.3,5,7,71.4,3,3,100.0,1,6,7,5,1,3,0,0,0,3,2,21,6
2341457,BALONCESTO FUENLABRADA,,16,"DURAN RUIZ, EDUARDO",25:34,16,0,1,0.0,5,8,62.5,5,9,55.6,1,2,50.0,0,2,2,1,0,1,0,0,0,3,1,11,16
2341457,BALONCESTO FUENLABRADA,*,17,"MACOHA, RODIJS",24:06,1,0,4,0.0,0,0,0.0,0,4,0.0,1,2,50.0,3,2,5,1,0,1,0,2,0,2,2,1,-6
2341457,BALONCESTO FUENLABRADA,*,21,"VAN ZEGEREN, JOHAN WILLEM",28:38,10,5,10,50.0,0,0,0.0,5,10,50.0,0,0,0.0,3,3,6,0,0,2,0,0,2,2,1,8,-10
2341457,BALONCESTO FUENLABRADA,,55,"MESICEK, BLAZ",14:44,8,1,1,100.0,2,2,100.0,3,3,100.0,0,0,0.0,0,1,1,0,0,0,0,0,0,2,1,8,5
2341457,GRUPO ALEGA CANTABRIA,*,3,"VOYTSO, VLADYSLAV",27:46,4,2,4,50.0,0,2,0.0,2,6,33.3,0,2,0.0,3,6,9,0,0,0,1,0,0,3,2,7,13
2341457,GRUPO ALEGA CANTABRIA,*,5,"LITTLESON, SPENCER PHILLIP",23:30,15,3,6,50.0,2,3,66.7,5,9,55.6,3,4,75.0,1,2,3,1,1,0,0,0,0,4,4,15,18
2341457,GRUPO ALEGA CANTABRIA,*,7,"BULIC, MIRZA",32:49,14,6,10,60.0,0,3,0.0,6,13,46.2,2,2,100.0,1,5,6,3,2,1,2,0,0,2,4,21,12
2341457,GRUPO ALEGA CANTABRIA,,13,"NOGUES JARNE, JOSE IGNACIO",12:17,3,1,2,50.0,0,1,0.0,1,3,33.3,1,2,50.0,0,0,0,0,0,0,0,0,0,1,3,2,-9
2341457,GRUPO ALEGA CANTABRIA,,14,"WALKER JR, DERRICK LAMONT",11:54,4,2,2,100.0,0,0,0.0,2,2,100.0,0,0,0.0,1,0,1,0,0,3,0,0,0,3,3,2,-3
2341457,GRUPO ALEGA CANTABRIA,,22,"SANS VALLS, AGUSTI",16:35,7,2,3,66.7,1,2,50.0,3,5,60.0,0,0,0.0,0,1,1,2,1,0,0,0,0,0,1,10,-8
2341457,GRUPO ALEGA CANTABRIA,,26,"PEÑARROYA CASTILLA, MARC",05:54,0,0,0,0.0,0,2,0.0,0,2,0.0,0,0,0.0,0,0,0,1,0,0,1,0,0,0,0,0,-8
2341457,GRUPO ALEGA CANTABRIA,*,28,"DIAS MARQUES LISBOA SANTOS, RAFAEL",34:54,20,6,7,85.7,2,8,25.0,8,15,53.3,2,3,66.7,1,0,1,6,1,0,0,0,0,3,2,19,9
2341457,GRUPO ALEGA CANTABRIA,,34,"NIANG BEYE, SERIGNE FALLOU",11:04,6,0,1,0.0,2,2,100.0,2,3,66.7,0,0,0.0,0,3,3,0,0,0,0,0,0,0,0,8,0
2341457,GRUPO ALEGA CANTABRIA,*,41,"RADUNIC, MATEJ",23:17,5,2,9,22.2,0,1,0.0,2,10,20.0,1,2,50.0,1,2,3,2,1,0,0,0,0,3,2,1,1
2341458,CLUB OURENSE BALONCESTO,,0,"PALAZUELOS PEREZ, ALVARO",05:21,2,1,1,100.0,0,0,0.0,1,1,100.0,0,0,0.0,0,1,1,0,0,0,0,0,0,0,0,3,-1
2341458,CLUB OURENSE BALONCESTO,*,1,"TURNER, JUSTIN RAFAEL",31:44,26,6,13,46.2,3,7,42.9,9,20,45.0,5,6,83.3,3,1,4,3,1,3,0,0,0,0,3,22,11
2341458,CLUB OURENSE BALONCESTO,,3,"MENDICOTE RUBIO, UNAI",04:11,3,0,0,0.0,1,1,100.0,1,1,100.0,0,0,0.0,0,1,1,0,0,0,0,0,0,0,1,5,4
2341458,CLUB OURENSE BALONCESTO,,6,"PETER-MCNEILLY, ADIKA O'NEILL",07:17,0,0,2,0.0,0,0,0.0,0,2,0.0,0,0,0.0,0,0,0,1,0,1,0,0,0,1,2,-1,0
2341458,CLUB OURENSE BALONCESTO,*,8,"JAWARA, KARAMO",26:34,12,4,6,66.7,1,2,50.0,5,8,62.5,1,1,100.0,6,1,7,2,0,0,0,0,1,0,1,19,11
2341458,CLUB OURENSE BALONCESTO,,10,"LLORENTE PAZ, SERGIO ANTONIO",19:58,11,1,3,33.3,3,6,50.0,4,9,44.4,0,0,0.0,1,1,2,3,0,3,0,0,0,3,1,6,15
2341458,CLUB OURENSE BALONCESTO,*,11,"LOPEZ SANTANA, JAVIER",22:57,9,3,3,100.0,1,2,50.0,4,5,80.0,0,0,0.0,0,0,0,4,1,0,1,0,0,1,0,13,1
2341458,CLUB OURENSE BALONCESTO,,12,"RODRÍGUEZ RAMOS, SAMUEL",13:26,3,0,0,0.0,0,2,0.0,0,2,0.0,3,3,100.0,0,4,4,2,0,0,0,0,0,2,0,5,2
2341458,CLUB OURENSE BALONCESTO,*,23,"KACINAS, MINDAUGAS",28:32,12,3,6,50.0,1,5,20.0,4,11,36.4,3,4,75.0,2,4,6,5,3,0,0,0,0,1,4,21,9
2341458,CLUB OURENSE BALONCESTO,,35,"GILL, ROMARO JILORNEY",16:18,7,3,3,100.0,0,0,0.0,3,3,100.0,1,2,50.0,0,1,1,0,1,0,1,0,1,3,3,9,4
2341458,CLUB OURENSE BALONCESTO,*,41,"RADIC, IVICA",23:42,8,4,11,36.4,0,0,0.0,4,11,36.4,0,4,0.0,3,6,9,1,0,1,0,1,0,4,3,5,9
2341458,AMICS CASTELLÓ,,0,"NGOM, ABDOULAYE TANOR",02:14,3,1,1,100.0,0,0,0.0,1,1,100.0,1,1,100.0,0,0,0,0,0,0,0,0,0,0,0,3,6
2341458,AMICS CASTELLÓ,*,8,"FANER CATALA, JOAN",19:23,0,0,3,0.0,0,1,0.0,0,4,0.0,0,0,0.0,0,0,0,4,0,1,0,0,0,1,1,-1,-9
2341458,AMICS CASTELLÓ,,10,"MARTINEZ CLARIANA, ALVARO",05:30,0,0,0,0.0,0,0,0.0,0,0,0.0,0,0,0.0,0,1,1,0,1,0,0,0,0,1,0,1,2
2341458,AMICS CASTELLÓ,,11,"MANCHON CRESPO, DANIEL",24:15,11,1,4,25.0,2,3,66.7,3,7,42.9,3,4,75.0,1,0,1,2,1,2,0,0,0,2,4,10,-2
2341458,AMICS CASTELLÓ,,12,"BRESSAN, GONZALO",18:24,4,2,2,100.0,0,2,0.0,2,4,50.0,0,0,0.0,1,3,4,3,0,0,0,1,1,3,1,7,-8
2341458,AMICS CASTELLÓ,*,20,"JANKOVIC, MILOS",30:17,14,5,10,50.0,0,0,0.0,5,10,50.0,4,4,100.0,2,4,6,4,1,3,0,1,0,3,3,17,-10
2341458,AMICS CASTELLÓ,*,24,"HERMANSON, CALVIN ALEXANDER RODEN",27:56,5,1,2,50.0,1,2,50.0,2,4,50.0,0,0,0.0,0,1,1,1,0,0,1,0,0,2,2,6,-12
2341458,AMICS CASTELLÓ,,30,"FRANCH DE PABLO, JOSEP",20:37,12,4,7,57.1,1,2,50.0,5,9,55.6,1,3,33.3,1,2,3,2,1,2,0,0,0,4,2,8,-4
2341458,AMICS CASTELLÓ,*,33,"DOMINGUEZ GONZALEZ, RUBEN",22:19,13,2,5,40.0,3,5,60.0,5,10,50.0,0,0,0.0,0,5,5,1,1,1,0,0,0,0,0,14,-14
2341458,AMICS CASTELLÓ,*,42,"STUTZ, FREDERIC GEORGE",29:05,18,6,8,75.0,1,1,100.0,7,9,77.8,3,3,100.0,1,4,5,0,0,3,0,0,0,2,2,18,-14
2341459,ALIMERKA OVIEDO BALONCESTO,,6,"RIBAU AMARANTE, FRANCISCO JOSE",07:07,2,0,0,0.0,0,2,0.0,0,2,0.0,2,2,100.0,1,0,1,0,0,0,0,0,0,1,1,1,-3
2341459,ALIMERKA OVIEDO BALONCESTO,,7,"DUSCAK, DAN",10:30,0,0,1,0.0,0,0,0.0,0,1,0.0,0,0,0.0,0,0,0,2,0,3,0,1,0,3,2,-3,-7
2341459,ALIMERKA OVIEDO BALONCESTO,*,10,"PEREZ TOMAS, JOSEP",28:26,8,1,2,50.0,2,8,25.0,3,10,30.0,0,0,0.0,1,7,8,12,1,2,0,0,0,1,1,20,12
2341459,ALIMERKA OVIEDO BALONCESTO,*,13,"HORTON, DEMETRIC",31:01,10,3,9,33.3,1,2,50.0,4,11,36.4,1,2,50.0,0,7,7,6,0,1,0,0,0,3,6,17,1
2341459,ALIMERKA OVIEDO BALONCESTO,,14,"SANZ ZARANDONA, MIKEL",29:03,8,2,6,33.3,0,2,0.0,2,8,25.0,4,5,80.0,2,9,11,2,0,1,0,0,0,4,3,12,2
2341459,ALIMERKA OVIEDO BALONCESTO,,15,"ROZITIS, DAVIS",03:42,2,1,1,100.0,0,0,0.0,1,1,100.0,0,0,0.0,0,1,1,0,0,1,0,0,0,0,1,3,-1
2341459,ALIMERKA OVIEDO BALONCESTO,*,17,"MARTI ROIG, MARC",16:01,10,4,5,80.0,0,1,0.0,4,6,66.7,2,3,66.7,2,5,7,0,0,2,0,0,0,4,3,11,4
2341459,ALIMERKA OVIEDO BALONCESTO,*,24,"STUCKMAN, TUNNER",31:49,4,0,4,0.0,1,5,20.0,1,9,11.1,1,2,50.0,2,1,3,1,0,1,0,0,0,4,1,-5,-7
2341459,ALIMERKA OVIEDO BALONCESTO,,34,"ELISIAS, HALL",25:32,19,7,13,53.8,0,0,0.0,7,13,53.8,5,6,83.3,3,5,8,0,1,3,3,0,5,1,3,23,3
2341459,ALIMERKA OVIEDO BALONCESTO,,41,"COSIALLS BORRAS, ROBERT",07:10,6,1,2,50.0,1,1,100.0,2,3,66.7,1,1,100.0,0,1,1,1,0,0,1,1,0,0,1,9,9
2341459,ALIMERKA OVIEDO BALONCESTO,*,55,"LOBACO MUÑOZ, RAUL",34:39,6,2,4,50.0,0,4,0.0,2,8,25.0,2,3,66.7,0,1,1,2,0,1,0,1,0,4,3,0,7
2341459,LONGEVIDA SAN PABLO BURGOS,*,3,"SPEIGHT, MICAH MARQUIS",30:45,9,1,6,16.7,2,7,28.6,3,13,23.1,1,1,100.0,1,6,7,10,1,1,0,0,0,1,0,15,-10
2341459,LONGEVIDA SAN PABLO BURGOS,,4,"ADALA MOTO, ARNAUD WILLIAM",03:21,0,0,0,0.0,0,0,0.0,0,0,0.0,0,0,0.0,0,0,0,0,0,0,0,0,0,1,0,-1,3
2341459,LONGEVIDA SAN PABLO BURGOS,,9,"BARRERA PASAN, ALEJANDRO",16:04,3,0,0,0.0,1,2,50.0,1,2,50.0,0,0,0.0,0,1,1,1,1,0,0,0,0,2,0,3,-9
2341459,LONGEVIDA SAN PABLO BURGOS,,10,"CORBALAN, GONZALO",14:15,5,2,5,40.0,0,3,0.0,2,8,25.0,1,2,50.0,0,3,3,0,0,1,0,1,1,3,4,1,4
2341459,LONGEVIDA SAN PABLO BURGOS,*,11,"VENE, SIIM-SANDER",30:24,12,3,3,100.0,2,6,33.3,5,9,55.6,0,0,0.0,0,0,0,0,0,0,0,0,0,2,0,6,4
2341459,LONGEVIDA SAN PABLO BURGOS,,13,"KASIBABU SHILALA, JONATHAN",26:28,9,2,3,66.7,0,0,0.0,2,3,66.7,5,9,55.6,3,5,8,1,2,4,1,0,0,5,8,15,4
2341459,LONGEVIDA SAN PABLO BURGOS,,15,"ROSA POMPIDO, IGNACIO",12:01,0,0,1,0.0,0,1,0.0,0,2,0.0,0,0,0.0,0,1,1,1,1,0,0,0,0,1,0,0,-15
2341459,LONGEVIDA SAN PABLO BURGOS,*,16,"JIMENEZ GARRIDO, MILLAN",24:57,12,1,2,50.0,3,6,50.0,4,8,50.0,1,2,50.0,1,3,4,1,1,0,0,0,0,1,3,15,9
2341459,LONGEVIDA SAN PABLO BURGOS,,31,"LAPORNIK, MIHA",23:19,2,0,3,0.0,0,4,0.0,0,7,0.0,2,2,100.0,0,3,3,2,0,0,0,0,0,3,3,0,-9
2341459,LONGEVIDA SAN PABLO BURGOS,*,40,"FISCHER, LUCAS JAMES",17:46,7,3,6,50.0,0,0,0.0,3,6,50.0,1,3,33.3,0,4,4,0,0,0,2,1,2,4,3,7,-4
2341459,LONGEVIDA SAN PABLO BURGOS,*,44,"ALI, PRINCE ADAMS",25:40,12,5,8,62.5,0,4,0.0,5,12,41.7,2,2,100.0,0,5,5,4,1,5,0,2,1,2,3,11,3
2341460,REAL BETIS BALONCESTO,,6,"MARIN FONTAN, PABLO",03:08,0,0,1,0.0,0,0,0.0,0,1,0.0,0,0,0.0,0,0,0,1,0,0,0,0,0,1,1,0,-4
2341460,REAL BETIS BALONCESTO,,10,"ALMAZAN SIERRA, PABLO",15:18,2,1,1,100.0,0,4,0.0,1,5,20.0,0,0,0.0,1,1,2,0,2,0,1,0,0,4,1,0,-6
2341460,REAL BETIS BALONCESTO,*,12,"DOMENECH FONTANA, ADRIA",09:56,4,2,2,100.0,0,0,0.0,2,2,100.0,0,0,0.0,0,4,4,0,0,0,0,0,1,0,0,8,-2
2341460,REAL BETIS BALONCESTO,,16,"DEDOVIC, NEDIM",16:41,1,0,0,0.0,0,4,0.0,0,4,0.0,1,2,50.0,1,2,3,0,1,0,1,0,0,0,1,2,-7
2341460,REAL BETIS BALONCESTO,*,19,"ROGIC, ROKO",28:29,9,1,4,25.0,1,4,25.0,2,8,25.0,4,4,100.0,1,3,4,6,1,1,0,2,0,0,5,18,-7
2341460,REAL BETIS BALONCESTO,,22,"RAKOCEVIC, NIKOLA",21:17,11,1,2,50.0,3,5,60.0,4,7,57.1,0,0,0.0,0,3,3,1,1,3,0,0,0,3,0,7,2
2341460,REAL BETIS BALONCESTO,*,23,"DE SOUZA PACHECO, CAIO",31:29,13,2,7,28.6,1,8,12.5,3,15,20.0,6,7,85.7,2,3,5,6,2,6,0,1,0,3,4,8,0
2341460,REAL BETIS BALONCESTO,*,25,"KRUTWIG, CAMERON DAVID",20:16,12,6,9,66.7,0,0,0.0,6,9,66.7,0,0,0.0,3,1,4,1,0,1,0,1,0,3,3,13,-14
2341460,REAL BETIS BALONCESTO,,28,"ROMERO FERNANDEZ, ISMAEL",18:37,10,4,7,57.1,0,0,0.0,4,7,57.1,2,3,66.7,0,5,5,1,1,1,0,0,1,5,2,9,8
2341460,REAL BETIS BALONCESTO,,33,"KUKSIKS,  RIHARDS",14:30,11,2,2,100.0,2,6,33.3,4,8,50.0,1,1,100.0,1,0,1,0,0,0,0,0,0,0,1,9,5
2341460,REAL BETIS BALONCESTO,*,93,"FEVRY, ILIAM ALEX",20:19,4,2,4,50.0,0,0,0.0,2,4,50.0,0,0,0.0,2,0,2,1,0,0,0,0,0,2,1,4,5
2341460,LEYMA CORUÑA,,4,"ARIS PETERSEN, SEBASTIAN",02:43,0,0,0,0.0,0,0,0.0,0,0,0.0,0,0,0.0,0,0,0,1,0,0,0,0,0,1,0,0,1
2341460,LEYMA CORUÑA,*,7,"JAKOVICS, INGUS",28:50,17,3,5,60.0,3,5,60.0,6,10,60.0,2,3,66.7,2,4,6,5,0,3,0,0,0,3,6,23,7
2341460,LEYMA CORUÑA,*,8,"HUSKIC, GORAN",29:17,9,3,7,42.9,0,0,0.0,3,7,42.9,3,5,60.0,2,5,7,5,0,2,2,0,0,3,3,15,15
2341460,LEYMA CORUÑA,*,9,"LUNDQVIST, KARL OLLE VIKTOR",20:37,12,4,8,50.0,0,1,0.0,4,9,44.4,4,4,100.0,1,2,3,4,2,1,1,0,0,3,5,18,10
2341460,LEYMA CORUÑA,,12,"DIAGNE, ATOUMANE",10:38,6,3,5,60.0,0,0,0.0,3,5,60.0,0,0,0.0,0,1,1,0,1,0,0,1,2,0,1,7,-11
2341460,LEYMA CORUÑA,,15,"HERNANDEZ MONTENEGRO, PABLO",09:05,0,0,0,0.0,0,0,0.0,0,0,0.0,0,0,0.0,0,3,3,1,0,0,0,0,0,0,1,5,-9
2341460,LEYMA CORUÑA,,22,"FONT RODRIGUEZ, ALEIX",21:12,19,5,5,100.0,2,4,50.0,7,9,77.8,3,3,100.0,0,2,2,0,0,2,0,0,0,3,3,17,-5
2341460,LEYMA CORUÑA,*,23,"BARRUETA, YUNIO RAFAEL",29:11,7,2,6,33.3,1,6,16.7,3,12,25.0,0,0,0.0,1,7,8,1,0,0,0,0,0,2,0,5,13
2341460,LEYMA CORUÑA,,24,"MC DONNELL, SEAN WILLIAM",21:45,7,3,7,42.9,0,1,0.0,3,8,37.5,1,2,50.0,2,4,6,1,1,3,0,1,0,1,2,7,-9
2341460,LEYMA CORUÑA,,30,"HERNANDEZ MAIQUEZ, ALEJANDRO",08:27,4,2,5,40.0,0,1,0.0,2,6,33.3,0,0,0.0,0,0,0,3,0,0,0,0,0,0,0,3,-4
2341460,LEYMA CORUÑA,*,57,"GALAN POZO, ALEJANDRO",18:15,0,0,0,0.0,0,1,0.0,0,1,0.0,0,0,0.0,2,1,3,1,0,1,1,0,0,4,0,-1,12
2341461,LONGEVIDA SAN PABLO BURGOS,*,3,"SPEIGHT, MICAH MARQUIS",25:34,10,2,4,50.0,2,4,50.0,4,8,50.0,0,0,0.0,0,1,1,9,0,1,0,0,0,2,1,14,9
2341461,LONGEVIDA SAN PABLO BURGOS,,4,"ADALA MOTO, ARNAUD WILLIAM",09:57,2,0,2,0.0,0,1,0.0,0,3,0.0,2,2,100.0,0,2,2,0,0,0,0,0,0,1,1,1,8
2341461,LONGEVIDA SAN PABLO BURGOS,,9,"BARRERA PASAN, ALEJANDRO",17:44,2,0,0,0.0,0,3,0.0,0,3,0.0,2,2,100.0,0,4,4,3,2,0,0,0,0,1,1,8,12
2341461,LONGEVIDA SAN PABLO BURGOS,,10,"CORBALAN, GONZALO",07:38,4,2,2,100.0,0,3,0.0,2,5,40.0,0,0,0.0,0,0,0,2,1,2,0,0,0,2,1,1,3
2341461,LONGEVIDA SAN PABLO BURGOS,*,11,"VENE, SIIM-SANDER",27:38,10,0,1,0.0,3,5,60.0,3,6,50.0,1,2,50.0,1,2,3,2,0,0,0,0,0,2,2,11,0
2341461,LONGEVIDA SAN PABLO BURGOS,,13,"KASIBABU SHILALA, JONATHAN",12:18,4,2,2,100.0,0,0,0.0,2,2,100.0,0,0,0.0,1,5,6,0,0,1,1,0,0,4,1,7,15
2341461,LONGEVIDA SAN PABLO BURGOS,,15,"ROSA POMPIDO, IGNACIO",10:35,5,0,0,0.0,0,2,0.0,0,2,0.0,5,8,62.5,0,1,1,1,0,1,0,0,0,1,3,3,12
2341461,LONGEVIDA SAN PABLO BURGOS,*,16,"JIMENEZ GARRIDO, MILLAN",20:54,12,1,3,33.3,3,4,75.0,4,7,57.1,1,2,50.0,3,6,9,1,0,1,0,1,0,1,4,20,-1
2341461,LONGEVIDA SAN PABLO BURGOS,,31,"LAPORNIK, MIHA",22:25,16,4,5,80.0,0,3,0.0,4,8,50.0,8,9,88.9,0,1,1,3,1,2,0,0,0,1,6,19,19
2341461,LONGEVIDA SAN PABLO BURGOS,*,40,"FISCHER, LUCAS JAMES",20:54,6,3,4,75.0,0,0,0.0,3,4,75.0,0,0,0.0,2,3,5,0,0,2,0,0,1,4,1,5,-7
2341461,LONGEVIDA SAN PABLO BURGOS,*,44,"ALI, PRINCE ADAMS",24:23,8,2,5,40.0,1,4,25.0,3,9,33.3,1,1,100.0,1,3,4,0,3,5,0,1,1,4,2,2,-5
2341461,ICG FORÇA LLEIDA,,0,"DE SOUSA ANJO BRITO, DIOGO EMANUEL",18:39,3,0,0,0.0,1,5,20.0,1,5,20.0,0,0,0.0,0,3,3,1,1,2,0,0,0,4,0,-2,-19
2341461,ICG FORÇA LLEIDA,*,3,"MATULIONIS, OSVALDAS",35:46,3,0,2,0.0,1,4,25.0,1,6,16.7,0,0,0.0,0,5,5,1,0,0,0,0,0,2,4,6,-6
2341461,ICG FORÇA LLEIDA,*,4,"VILLAR CORNAGO, RAFAEL",27:36,12,5,7,71.4,0,1,0.0,5,8,62.5,2,4,50.0,1,0,1,3,4,1,0,0,0,1,3,16,-14
2341461,ICG FORÇA LLEIDA,,6,"CUELLAR GARCIA, DAVID",07:59,0,0,1,0.0,0,2,0.0,0,3,0.0,0,0,0.0,1,0,1,0,0,0,0,1,0,1,0,-3,-3
2341461,ICG FORÇA LLEIDA,*,13,"LOBO MARTORELL, JAUME",20:29,14,2,6,33.3,2,8,25.0,4,14,28.6,4,4,100.0,2,3,5,2,1,4,0,0,0,4,4,8,4
2341461,ICG FORÇA LLEIDA,*,23,"KUATH, KUR NYOK",20:43,11,3,7,42.9,0,0,0.0,3,7,42.9,5,7,71.4,1,2,3,0,1,0,2,0,1,4,5,12,-9
2341461,ICG FORÇA LLEIDA,,24,"ARROYO VARELA, IGNACIO ANDRES",28:19,13,2,4,50.0,1,3,33.3,3,7,42.9,6,7,85.7,0,5,5,6,0,0,0,0,0,1,4,22,-10
2341461,ICG FORÇA LLEIDA,,32,"THOMAS, QUINTROLL DAROLL",19:17,7,2,5,40.0,0,0,0.0,2,5,40.0,3,4,75.0,2,1,3,0,0,1,0,0,1,2,3,6,-4
2341461,ICG FORÇA LLEIDA,*,33,"SIMEUNOVIC, DJORDJE",21:12,3,0,2,0.0,1,2,50.0,1,4,25.0,0,0,0.0,1,0,1,0,1,1,0,0,0,4,0,-3,-4
2341462,AMICS CASTELLÓ,,0,"NGOM, ABDOULAYE TANOR",09:41,8,1,3,33.3,0,0,0.0,1,3,33.3,6,8,75.0,1,0,1,1,0,0,1,0,0,2,5,10,1
2341462,AMICS CASTELLÓ,,8,"FANER CATALA, JOAN",23:29,6,0,1,0.0,2,3,66.7,2,4,50.0,0,0,0.0,0,2,2,7,0,4,0,0,0,2,1,8,17
2341462,AMICS CASTELLÓ,,10,"MARTINEZ CLARIANA, ALVARO",20:58,7,3,3,100.0,0,2,0.0,3,5,60.0,1,2,50.0,2,3,5,1,0,1,0,0,0,4,1,6,-2
2341462,AMICS CASTELLÓ,,11,"MANCHON CRESPO, DANIEL",24:15,17,4,7,57.1,2,3,66.7,6,10,60.0,3,4,75.0,0,3,3,6,2,1,0,1,0,2,3,23,14
2341462,AMICS CASTELLÓ,,12,"BRESSAN, GONZALO",11:49,0,0,1,0.0,0,0,0.0,0,1,0.0,0,0,0.0,0,2,2,0,0,0,0,0,0,1,2,2,-5
2341462,AMICS CASTELLÓ,*,20,"JANKOVIC, MILOS",23:41,16,7,10,70.0,0,1,0.0,7,11,63.6,2,4,50.0,5,6,11,1,0,2,0,0,0,2,3,21,5
2341462,AMICS CASTELLÓ,*,24,"HERMANSON, CALVIN ALEXANDER RODEN",16:59,7,0,3,0.0,2,6,33.3,2,9,22.2,1,2,50.0,1,0,1,0,0,1,0,1,0,2,1,-2,-4
2341462,AMICS CASTELLÓ,*,30,"FRANCH DE PABLO, JOSEP",16:31,0,0,4,0.0,0,1,0.0,0,5,0.0,0,0,0.0,0,2,2,2,0,1,0,0,0,2,1,-3,-13
2341462,AMICS CASTELLÓ,*,33,"DOMINGUEZ GONZALEZ, RUBEN",18:02,5,2,5,40.0,0,2,0.0,2,7,28.6,1,1,100.0,0,1,1,3,2,0,0,0,0,1,0,5,-2
2341462,AMICS CASTELLÓ,*,42,"STUTZ, FREDERIC GEORGE",34:35,24,7,12,58.3,1,3,33.3,8,15,53.3,7,7,100.0,1,7,8,0,2,0,0,0,0,3,7,31,9
2341462,CACERES PATRIMONIO DE LA HUMANIDAD,,1,"RODRIGO FERNANDEZ DE HEREDIA, PABLO",05:14,0,0,0,0.0,0,0,0.0,0,0,0.0,0,0,0.0,0,1,1,1,0,0,0,0,0,3,1,0,4
2341462,CACERES PATRIMONIO DE LA HUMANIDAD,*,2,"BONILLA SILVA, YAHIR GAEL",34:17,11,4,8,50.0,0,1,0.0,4,9,44.4,3,4,75.0,2,5,7,3,1,2,1,0,0,2,5,18,1
2341462,CACERES PATRIMONIO DE LA HUMANIDAD,*,4,"ATENCIA SUAREZ, HANSEL GIOVANNI",29:14,22,4,8,50.0,4,10,40.0,8,18,44.4,2,2,100.0,2,1,3,4,3,4,0,0,0,2,0,16,-5
2341462,CACERES PATRIMONIO DE LA HUMANIDAD,,11,"RAITANEN, REMU EMIL",27:07,12,1,4,25.0,3,6,50.0,4,10,40.0,1,1,100.0,2,2,4,0,1,1,0,0,0,4,2,8,-11
2341462,CACERES PATRIMONIO DE LA HUMANIDAD,,12,"CEPUKAITIS, VAIDAS",13:17,3,1,3,33.3,0,0,0.0,1,3,33.3,1,1,100.0,0,3,3,4,1,1,1,1,0,5,2,6,-4
2341462,CACERES PATRIMONIO DE LA HUMANIDAD,*,20,"DA SILVA ANDRÉ, DIKEMBE",23:22,10,4,8,50.0,0,0,0.0,4,8,50.0,2,6,33.3,4,5,9,0,0,2,0,0,0,4,4,9,3
2341462,CACERES PATRIMONIO DE LA HUMANIDAD,*,22,"GANTT, GREGORY ROBERT",34:35,19,4,8,50.0,2,6,33.3,6,14,42.9,5,6,83.3,1,3,4,1,1,0,0,0,0,1,4,19,-6
2341462,CACERES PATRIMONIO DE LA HUMANIDAD,,24,"RODRIGUEZ GARCIA, DANIEL",14:05,3,0,1,0.0,1,4,25.0,1,5,20.0,0,0,0.0,0,1,1,1,0,4,0,0,0,0,1,-2,0
2341462,CACERES PATRIMONIO DE LA HUMANIDAD,*,33,"SANTANA LUCHORO, JUAN JOSE",16:14,6,1,2,50.0,1,2,50.0,2,4,50.0,1,2,50.0,2,1,3,0,0,1,0,0,0,4,2,3,4
2341462,CACERES PATRIMONIO DE LA HUMANIDAD,,44,"SIGISMONTI RODRÍGUEZ, LUCAS NESTOR",02:35,0,0,0,0.0,0,0,0.0,0,0,0.0,0,0,0.0,0,0,0,0,0,0,0,0,0,0,0,0,-6
2341463,LEYMA CORUÑA,,4,"ARIS PETERSEN, SEBASTIAN",20:11,6,1,2,50.0,1,5,20.0,2,7,28.6,1,2,50.0,0,1,1,3,0,1,0,0,0,2,5,6,0
2341463,LEYMA CORUÑA,*,7,"JAKOVICS, INGUS",13:22,14,1,2,50.0,3,4,75.0,4,6,66.7,3,5,60.0,1,1,2,2,0,1,0,0,0,3,2,12,12
2341463,LEYMA CORUÑA,*,8,"HUSKIC, GORAN",26:24,14,5,6,83.3,0,1,0.0,5,7,71.4,4,6,66.7,1,6,7,2,2,2,0,0,0,1,3,21,13
2341463,LEYMA CORUÑA,*,9,"LUNDQVIST, KARL OLLE VIKTOR",24:51,12,6,7,85.7,0,0,0.0,6,7,85.7,0,2,0.0,2,2,4,2,2,1,0,0,0,1,1,16,5
2341463,LEYMA CORUÑA,,12,"DIAGNE, ATOUMANE",13:36,2,1,3,33.3,0,0,0.0,1,3,33.3,0,0,0.0,0,5,5,0,1,0,2,0,0,1,1,8,-8
2341463,LEYMA CORUÑA,,15,"HERNANDEZ MONTENEGRO, PABLO",07:12,0,0,1,0.0,0,1,0.0,0,2,0.0,0,0,0.0,1,1,2,0,1,1,0,0,0,1,1,0,0
2341463,LEYMA CORUÑA,,22,"FONT RODRIGUEZ, ALEIX",21:42,14,4,7,57.1,1,4,25.0,5,11,45.5,3,3,100.0,1,1,2,1,0,3,0,1,0,3,2,7,8
2341463,LEYMA CORUÑA,*,23,"BARRUETA, YUNIO RAFAEL",24:10,12,2,5,40.0,2,4,50.0,4,9,44.4,2,2,100.0,4,4,8,1,2,5,0,1,1,2,1,12,-3
2341463,LEYMA CORUÑA,,24,"MC DONNELL, SEAN WILLIAM",22:31,3,0,2,0.0,1,4,25.0,1,6,16.7,0,0,0.0,1,3,4,0,0,2,0,1,0,1,0,-1,4
2341463,LEYMA CORUÑA,,30,"HERNANDEZ MAIQUEZ, ALEJANDRO",08:35,2,1,3,33.3,0,0,0.0,1,3,33.3,0,0,0.0,1,1,2,0,0,0,0,1,0,0,2,4,-5
2341463,LEYMA CORUÑA,*,57,"GALAN POZO, ALEJANDRO",17:26,0,0,0,0.0,0,1,0.0,0,1,0.0,0,0,0.0,0,0,0,0,0,0,0,0,0,1,4,2,-1
2341463,HLA ALICANTE,*,1,"HARRIS, TYLER REED",18:02,11,1,4,25.0,3,8,37.5,4,12,33.3,0,0,0.0,0,2,2,1,2,1,0,0,0,3,1,5,-10
2341463,HLA ALICANTE,*,4,"DAVISON, BRADLEY JAMES",21:48,3,0,2,0.0,1,5,20.0,1,7,14.3,0,0,0.0,0,1,1,4,2,2,0,0,0,3,0,-1,-10
2341463,HLA ALICANTE,,6,"GUDMUNDSSON, JON AXEL",29:54,21,0,2,0.0,6,13,46.2,6,15,40.0,3,3,100.0,0,3,3,6,2,1,0,1,0,3,5,24,5
2341463,HLA ALICANTE,,7,"BERCY, KEVIN RICHARD",22:18,10,4,7,57.1,0,1,0.0,4,8,50.0,2,3,66.7,6,1,7,0,1,1,0,0,0,3,2,11,1
2341463,HLA ALICANTE,*,11,"BALINT, RICHARD",30:22,20,2,3,66.7,4,10,40.0,6,13,46.2,4,4,100.0,1,1,2,1,0,3,0,0,0,0,2,15,-4
2341463,HLA ALICANTE,,12,"GATELL SANZ, EDUARD",12:50,2,0,0,0.0,0,0,0.0,0,0,0.0,2,2,100.0,2,6,8,0,1,2,2,0,0,1,2,12,1
2341463,HLA ALICANTE,*,15,"KOSTADINOV, KONSTANTIN IROLAVOV",24:28,3,1,4,25.0,0,0,0.0,1,4,25.0,1,2,50.0,1,2,3,1,1,1,0,1,0,2,2,3,-6
2341463,HLA ALICANTE,*,34,"BARRO, SERIGNE M M SY DIT DIAMIL",27:10,4,2,7,28.6,0,0,0.0,2,7,28.6,0,0,0.0,3,3,6,0,0,2,2,0,1,4,0,1,-6
2341463,HLA ALICANTE,,44,"HOOK, DAVID PATRIK",13:08,0,0,1,0.0,0,3,0.0,0,4,0.0,0,0,0.0,2,0,2,0,0,1,0,0,0,3,1,-5,4
2341464,GUUK GIPUZKOA BASKET,*,3,"BARCELLO, ALEXANDER MICHAEL",26:05,29,3,8,37.5,5,6,83.3,8,14,57.1,8,9,88.9,0,2,2,0,0,4,0,0,0,3,5,22,6
2341464,GUUK GIPUZKOA BASKET,*,5,"CARLSON, MICHAEL KAZ",16:35,6,2,2,100.0,0,0,0.0,2,2,100.0,2,4,50.0,0,1,1,2,0,2,0,0,0,4,2,3,12
2341464,GUUK GIPUZKOA BASKET,*,7,"OROZ URIA, XABIER",30:45,7,1,7,14.3,1,3,33.3,2,10,20.0,2,2,100.0,1,6,7,8,4,1,0,1,1,3,4,18,1
2341464,GUUK GIPUZKOA BASKET,,8,"STÜRUP, MADS BONDE",05:54,2,0,0,0.0,0,0,0.0,0,0,0.0,2,2,100.0,0,0,0,0,0,1,0,0,0,1,1,1,-5
2341464,GUUK GIPUZKOA BASKET,,9,"MOTOS CABODEVILLA, MIKEL",16:31,4,1,4,25.0,0,0,0.0,1,4,25.0,2,2,100.0,1,1,2,1,0,1,0,0,0,1,2,4,-3
2341464,GUUK GIPUZKOA BASKET,*,10,"ANSORREGUI DEBA, MANEX",17:06,2,1,3,33.3,0,1,0.0,1,4,25.0,0,0,0.0,0,3,3,0,0,1,0,0,0,1,2,2,-4
2341464,GUUK GIPUZKOA BASKET,,11,"VRANKIC, JOSIP",17:06,7,2,4,50.0,0,0,0.0,2,4,50.0,3,3,100.0,0,1,1,0,0,1,0,0,0,5,2,2,4
2341464,GUUK GIPUZKOA BASKET,,12,"HARRELL, MASON ZANE",04:42,0,0,0,0.0,0,0,0.0,0,0,0.0,0,0,0.0,0,0,0,0,0,1,0,0,0,1,0,-2,0
2341464,GUUK GIPUZKOA BASKET,,13,"MARTINEZ DE LA ORDEN, ANDER",25:32,10,5,6,83.3,0,5,0.0,5,11,45.5,0,0,0.0,3,2,5,0,0,1,0,0,0,2,1,7,2
2341464,GUUK GIPUZKOA BASKET,,15,"AURRECOECHEA ALCOLADO, IVAN",27:22,7,2,3,66.7,0,0,0.0,2,3,66.7,3,4,75.0,0,5,5,1,0,1,0,0,0,2,5,13,1
2341464,GUUK GIPUZKOA BASKET,*,55,"MARCIUS, ALEKSANDAR",12:22,2,1,1,100.0,0,0,0.0,1,1,100.0,0,0,0.0,1,1,2,0,0,0,0,0,0,2,0,2,-4
2341464,GRUPO URETA TIZONA BURGOS,,7,"ALVARADO RODRIGUEZ, OSCAR MIGUEL",07:20,0,0,0,0.0,0,2,0.0,0,2,0.0,0,0,0.0,0,0,0,0,0,1,0,0,0,1,1,-3,-1
2341464,GRUPO URETA TIZONA BURGOS,*,10,"PARRADO CALABRIA, ARNAU",27:16,14,4,9,44.4,1,3,33.3,5,12,41.7,3,4,75.0,0,4,4,0,0,0,0,0,0,4,10,16,2
2341464,GRUPO URETA TIZONA BURGOS,,13,"VILA SOLEY, RAMON",24:10,8,4,4,100.0,0,0,0.0,4,4,100.0,0,0,0.0,1,1,2,1,0,1,1,0,1,4,4,11,-3
2341464,GRUPO URETA TIZONA BURGOS,*,14,"MUNFORD MONTEIRO, RAFAEL",15:42,2,0,3,0.0,0,1,0.0,0,4,0.0,2,2,100.0,0,4,4,0,0,0,0,0,0,1,0,1,5
2341464,GRUPO URETA TIZONA BURGOS,,21,"BÖHM, DAVID",12:44,0,0,0,0.0,0,1,0.0,0,1,0.0,0,0,0.0,0,2,2,0,0,0,0,0,0,0,1,2,-4
2341464,GRUPO URETA TIZONA BURGOS,*,24,"CREMO, JOSEPH ROBERT",20:16,9,2,4,50.0,1,2,50.0,3,6,50.0,2,2,100.0,0,0,0,1,1,4,0,0,0,3,1,2,3
2341464,GRUPO URETA TIZONA BURGOS,,34,"KIELI, GARMINE KANDE",06:41,4,2,2,100.0,0,0,0.0,2,2,100.0,0,0,0.0,1,0,1,0,0,0,0,0,0,2,0,3,1
2341464,GRUPO URETA TIZONA BURGOS,,35,"SEOANE RODICIO, RODRIGO",12:46,0,0,0,0.0,0,1,0.0,0,1,0.0,0,0,0.0,0,2,2,0,0,1,0,0,0,0,1,1,-11
2341464,GRUPO URETA TIZONA BURGOS,*,44,"THIAM, ABDOU",11:36,5,2,4,50.0,0,0,0.0,2,4,50.0,1,3,33.3,3,2,5,0,1,1,0,0,0,2,2,6,3
2341464,GRUPO URETA TIZONA BURGOS,,55,"JOFRESA SARRET, GERARD",22:48,5,0,0,0.0,1,4,25.0,1,4,25.0,2,2,100.0,0,1,1,0,0,0,0,0,0,2,2,3,-2
2341464,GRUPO URETA TIZONA BURGOS,,60,"ALONSO RUIZ, AYOZE",15:52,8,4,6,66.7,0,1,0.0,4,7,57.1,0,0,0.0,0,0,0,0,0,2,0,0,0,2,0,1,-11
2341464,GRUPO URETA TIZONA BURGOS,*,88,"CUEVAS SIMARRO, DIDAC",22:49,19,3,6,50.0,3,6,50.0,6,12,50.0,4,4,100.0,0,2,2,3,2,1,0,0,0,3,3,19,8
2341465,RIOVERDE CLAVIJO,,1,"MORENO TRUJILLO, ALBERTO",13:44,9,0,1,0.0,2,4,50.0,2,5,40.0,3,3,100.0,1,0,1,1,0,1,0,0,0,5,1,3,-2
2341465,RIOVERDE CLAVIJO,*,5,"DE PABLO DEL CASTILLO, MIGUEL",19:08,9,0,1,0.0,2,4,50.0,2,5,40.0,3,3,100.0,0,1,1,1,1,1,0,0,0,5,1,4,-8
2341465,RIOVERDE CLAVIJO,*,7,"ESTEVES-GARCIA COFFI, JUAN ALBERTO",25:34,12,6,11,54.5,0,2,0.0,6,13,46.2,0,3,0.0,1,3,4,2,2,4,0,0,1,1,2,7,15
2341465,RIOVERDE CLAVIJO,,9,"ARBOSA ROLDAN, HUGO",02:18,0,0,0,0.0,0,0,0.0,0,0,0.0,0,0,0.0,0,0,0,0,0,1,0,0,0,1,0,-2,-1
2341465,RIOVERDE CLAVIJO,,10,"CABRERA GARRANCHO, ALBERTO",18:11,2,0,0,0.0,0,1,0.0,0,1,0.0,2,2,100.0,0,1,1,2,1,5,0,0,0,4,5,1,10
2341465,RIOVERDE CLAVIJO,*,12,"NICOLAU ALEDON, JAVIER",30:26,14,6,7,85.7,0,3,0.0,6,10,60.0,2,4,50.0,2,7,9,2,0,2,3,0,1,2,3,21,11
2341465,RIOVERDE CLAVIJO,,14,"TAMBA VILLEN, ISMAEL",13:38,1,0,1,0.0,0,1,0.0,0,2,0.0,1,2,50.0,0,0,0,1,0,1,1,0,0,2,1,-2,-8
2341465,RIOVERDE CLAVIJO,,23,"NORRIS JR, ANDRE LAZAR",21:52,6,3,5,60.0,0,4,0.0,3,9,33.3,0,0,0.0,1,3,4,3,0,1,0,0,0,5,3,4,6
2341465,RIOVERDE CLAVIJO,*,33,"TORRES CUEVAS, KEVIN",15:41,0,0,1,0.0,0,1,0.0,0,2,0.0,0,0,0.0,0,3,3,0,1,2,0,0,0,1,0,-1,7
2341465,RIOVERDE CLAVIJO,*,55,"TREVIÑO QUINTILLA, PAU",22:31,0,0,1,0.0,0,1,0.0,0,2,0.0,0,0,0.0,2,1,3,1,0,1,0,0,0,5,1,-3,-2
2341465,RIOVERDE CLAVIJO,,77,"KNUDSEN, DAVID ERIK",16:57,9,0,1,0.0,2,3,66.7,2,4,50.0,3,4,75.0,0,1,1,1,0,0,0,0,0,1,5,12,2
2341465,REAL BETIS BALONCESTO,,0,"ROMERO NARANJO, RAFAEL",01:03,0,0,0,0.0,0,0,0.0,0,0,0.0,0,0,0.0,0,0,0,0,0,0,0,0,0,0,0,0,-2
2341465,REAL BETIS BALONCESTO,,6,"MARIN FONTAN, PABLO",15:01,3,0,2,0.0,0,2,0.0,0,4,0.0,3,6,50.0,1,1,2,2,2,3,0,1,0,4,5,0,14
2341465,REAL BETIS BALONCESTO,,12,"DOMENECH FONTANA, ADRIA",17:07,6,1,2,50.0,1,2,50.0,2,4,50.0,1,2,50.0,1,2,3,0,1,2,0,0,0,1,4,8,-5
2341465,REAL BETIS BALONCESTO,,16,"DEDOVIC, NEDIM",20:19,3,1,1,100.0,0,2,0.0,1,3,33.3,1,2,50.0,1,6,7,0,0,0,0,0,0,1,1,7,-5
2341465,REAL BETIS BALONCESTO,*,19,"ROGIC, ROKO",23:56,10,2,4,50.0,1,4,25.0,3,8,37.5,3,4,75.0,1,2,3,0,0,4,0,0,0,5,1,-1,-18
2341465,REAL BETIS BALONCESTO,,22,"RAKOCEVIC, NIKOLA",25:15,5,2,2,100.0,0,5,0.0,2,7,28.6,1,1,100.0,1,1,2,0,1,3,0,0,0,2,3,1,-6
2341465,REAL BETIS BALONCESTO,*,23,"DE SOUZA PACHECO, CAIO",13:26,0,0,3,0.0,0,0,0.0,0,3,0.0,0,0,0.0,0,1,1,1,0,1,0,1,0,0,2,0,-6
2341465,REAL BETIS BALONCESTO,,25,"KRUTWIG, CAMERON DAVID",16:01,2,1,4,25.0,0,0,0.0,1,4,25.0,0,0,0.0,0,3,3,1,0,0,0,0,0,1,0,2,-8
2341465,REAL BETIS BALONCESTO,*,28,"ROMERO FERNANDEZ, ISMAEL",23:22,20,6,10,60.0,1,1,100.0,7,11,63.6,5,16,31.3,3,6,9,0,1,4,0,1,0,4,11,18,3
2341465,REAL BETIS BALONCESTO,*,33,"KUKSIKS,  RIHARDS",23:30,7,0,1,0.0,1,5,20.0,1,6,16.7,4,5,80.0,1,0,1,0,2,0,0,1,0,3,3,4,-2
2341465,REAL BETIS BALONCESTO,*,93,"FEVRY, ILIAM ALEX",21:00,0,0,0,0.0,0,1,0.0,0,1,0.0,0,0,0.0,0,0,0,0,0,1,0,0,0,1,2,-1,5
2341466,MOVISTAR ESTUDIANTES,*,1,"DEE, JOHN ANDREW",24:37,9,0,4,0.0,2,4,50.0,2,8,25.0,3,4,75.0,0,2,2,1,1,2,0,1,0,2,4,6,-5
2341466,MOVISTAR ESTUDIANTES,*,2,"WINTERING, ALEC MARTIN",20:32,11,4,9,44.4,0,1,0.0,4,10,40.0,3,3,100.0,1,1,2,4,1,2,0,1,0,4,3,9,5
2341466,MOVISTAR ESTUDIANTES,,3,"NZOSA MANZILA, YANNICK",09:29,2,1,4,25.0,0,0,0.0,1,4,25.0,0,0,0.0,2,2,4,1,0,0,1,0,0,3,1,3,-3
2341466,MOVISTAR ESTUDIANTES,*,4,"RODRÍGUEZ FEBLES, SERGIO",15:52,0,0,0,0.0,0,0,0.0,0,0,0.0,0,0,0.0,0,1,1,0,0,1,0,0,0,0,1,1,-6
2341466,MOVISTAR ESTUDIANTES,,5,"SOLA IDDRISU, ADAMS",06:54,0,0,0,0.0,0,0,0.0,0,0,0.0,0,0,0.0,0,0,0,0,0,0,0,0,0,0,0,0,-13
2341466,MOVISTAR ESTUDIANTES,,10,"ALONSO MARTÍNEZ, FRANCISCO FERNANDO",22:27,7,2,3,66.7,1,3,33.3,3,6,50.0,0,0,0.0,0,2,2,0,2,1,0,0,0,4,1,4,-1
2341466,MOVISTAR ESTUDIANTES,,11,"MURPHY, ALEX JAMES",18:45,8,2,2,100.0,1,1,100.0,3,3,100.0,1,2,50.0,1,1,2,0,0,0,0,0,0,1,1,9,5
2341466,MOVISTAR ESTUDIANTES,*,13,"LARSEN, KEVIN RICKI",25:07,17,5,8,62.5,0,0,0.0,5,8,62.5,7,9,77.8,3,1,4,0,0,0,0,1,0,1,11,26,-7
2341466,MOVISTAR ESTUDIANTES,*,24,"CARRERA GAMBOA, MICHAEL ALBERTO",30:17,16,3,6,50.0,1,3,33.3,4,9,44.4,7,9,77.8,2,5,7,2,1,3,1,0,0,3,6,20,-7
2341466,MOVISTAR ESTUDIANTES,,43,"SUAREZ GARCIA-OSORIO, CARLOS",06:32,0,0,0,0.0,0,1,0.0,0,1,0.0,0,0,0.0,0,0,0,0,0,0,0,0,0,0,0,-1,-7
2341466,MOVISTAR ESTUDIANTES,,44,"LEIMANIS, TOMS ELVIS",19:28,6,3,6,50.0,0,2,0.0,3,8,37.5,0,0,0.0,0,2,2,2,0,0,0,0,0,2,0,3,-16
2341466,ALIMERKA OVIEDO BALONCESTO,,6,"RIBAU AMARANTE, FRANCISCO JOSE",16:49,7,2,3,66.7,1,3,33.3,3,6,50.0,0,0,0.0,0,5,5,1,0,2,0,0,0,2,0,6,6
2341466,ALIMERKA OVIEDO BALONCESTO,,7,"DUSCAK, DAN",11:31,6,1,1,100.0,0,1,0.0,1,2,50.0,4,6,66.7,1,3,4,1,0,0,0,0,0,1,4,11,4
2341466,ALIMERKA OVIEDO BALONCESTO,*,10,"PEREZ TOMAS, JOSEP",26:09,21,1,2,50.0,5,7,71.4,6,9,66.7,4,6,66.7,0,2,2,3,0,1,0,0,0,0,6,26,9
2341466,ALIMERKA OVIEDO BALONCESTO,*,13,"HORTON, DEMETRIC",28:01,11,2,4,50.0,2,5,40.0,4,9,44.4,1,2,50.0,0,2,2,9,1,0,2,0,0,1,1,19,7
2341466,ALIMERKA OVIEDO BALONCESTO,*,14,"SANZ ZARANDONA, MIKEL",16:39,7,2,2,100.0,1,2,50.0,3,4,75.0,0,0,0.0,3,2,5,0,0,1,0,0,0,3,0,7,0
2341466,ALIMERKA OVIEDO BALONCESTO,,15,"ROZITIS, DAVIS",11:17,0,0,0,0.0,0,0,0.0,0,0,0.0,0,0,0.0,0,2,2,0,0,2,0,0,0,3,1,-2,9
2341466,ALIMERKA OVIEDO BALONCESTO,,17,"MARTI ROIG, MARC",24:59,13,6,10,60.0,0,0,0.0,6,10,60.0,1,2,50.0,2,3,5,1,0,1,0,0,0,5,4,12,-2
2341466,ALIMERKA OVIEDO BALONCESTO,*,24,"STUCKMAN, TUNNER",15:11,3,0,2,0.0,1,3,33.3,1,5,20.0,0,0,0.0,0,1,1,0,0,0,0,1,0,3,1,-2,-8
2341466,ALIMERKA OVIEDO BALONCESTO,*,34,"ELISIAS, HALL",09:01,5,1,1,100.0,0,0,0.0,1,1,100.0,3,4,75.0,1,0,1,0,1,1,1,0,0,5,2,3,1
2341466,ALIMERKA OVIEDO BALONCESTO,,41,"COSIALLS BORRAS, ROBERT",12:40,2,1,2,50.0,0,3,0.0,1,5,20.0,0,0,0.0,1,4,5,0,0,0,0,0,0,2,0,1,12
2341466,ALIMERKA OVIEDO BALONCESTO,,55,"LOBACO MUÑOZ, RAUL",27:43,12,0,1,0.0,4,4,100.0,4,5,80.0,0,0,0.0,0,0,0,0,0,2,0,1,0,3,1,7,17
2341467,GRUPO ALEGA CANTABRIA,*,3,"VOYTSO, VLADYSLAV",26:31,7,1,1,100.0,1,8,12.5,2,9,22.2,2,2,100.0,4,4,8,3,4,1,0,0,1,3,1,12,5
2341467,GRUPO ALEGA CANTABRIA,*,5,"LITTLESON, SPENCER PHILLIP",35:44,5,1,5,20.0,1,5,20.0,2,10,20.0,0,0,0.0,0,2,2,2,2,2,0,0,0,0,0,1,-3
2341467,GRUPO ALEGA CANTABRIA,*,7,"BULIC, MIRZA",26:30,18,2,10,20.0,2,4,50.0,4,14,28.6,8,9,88.9,2,6,8,1,1,3,0,0,0,5,6,15,5
2341467,GRUPO ALEGA CANTABRIA,,11,"KLAVZAR, URBAN",08:24,3,0,0,0.0,1,3,33.3,1,3,33.3,0,0,0.0,0,0,0,0,0,0,0,0,0,0,1,2,3
2341467,GRUPO ALEGA CANTABRIA,,13,"NOGUES JARNE, JOSE IGNACIO",05:29,0,0,1,0.0,0,0,0.0,0,1,0.0,0,0,0.0,1,0,1,1,0,0,0,0,0,0,1,2,-12
2341467,GRUPO ALEGA CANTABRIA,,14,"WALKER JR, DERRICK LAMONT",18:16,1,0,2,0.0,0,0,0.0,0,2,0.0,1,4,25.0,1,5,6,1,0,0,0,0,0,1,3,5,-12
2341467,GRUPO ALEGA CANTABRIA,,22,"SANS VALLS, AGUSTI",26:46,4,2,5,40.0,0,4,0.0,2,9,22.2,0,2,0.0,0,2,2,3,1,3,0,0,0,2,3,-1,-12
2341467,GRUPO ALEGA CANTABRIA,*,28,"DIAS MARQUES LISBOA SANTOS, RAFAEL",38:11,15,2,6,33.3,3,8,37.5,5,14,35.7,2,2,100.0,1,4,5,6,1,3,0,0,0,5,1,11,5
2341467,GRUPO ALEGA CANTABRIA,,34,"NIANG BEYE, SERIGNE FALLOU",15:26,10,1,3,33.3,2,3,66.7,3,6,50.0,2,2,100.0,2,4,6,0,0,1,1,0,0,2,2,13,-10
2341467,GRUPO ALEGA CANTABRIA,*,41,"RADUNIC, MATEJ",23:43,13,4,8,50.0,1,2,50.0,5,10,50.0,2,3,66.7,6,5,11,2,0,0,0,0,0,5,4,19,11
2341467,CLUB OURENSE BALONCESTO,,0,"PALAZUELOS PEREZ, ALVARO",13:21,0,0,1,0.0,0,0,0.0,0,1,0.0,0,0,0.0,0,0,0,0,0,2,0,0,0,2,1,-4,4
2341467,CLUB OURENSE BALONCESTO,*,1,"TURNER, JUSTIN RAFAEL",32:23,15,5,11,45.5,0,2,0.0,5,13,38.5,5,7,71.4,1,2,3,2,1,1,0,0,0,1,5,14,-1
2341467,CLUB OURENSE BALONCESTO,,6,"PETER-MCNEILLY, ADIKA O'NEILL",26:27,11,2,3,66.7,1,1,100.0,3,4,75.0,4,6,66.7,0,3,3,1,0,0,0,0,0,2,3,13,14
2341467,CLUB OURENSE BALONCESTO,*,8,"JAWARA, KARAMO",34:52,18,6,11,54.5,1,2,50.0,7,13,53.8,3,4,75.0,1,5,6,3,2,1,0,1,0,3,5,23,5
2341467,CLUB OURENSE BALONCESTO,,10,"LLORENTE PAZ, SERGIO ANTONIO",23:55,3,0,3,0.0,1,3,33.3,1,6,16.7,0,0,0.0,1,1,2,4,0,1,0,0,0,5,0,-2,17
2341467,CLUB OURENSE BALONCESTO,*,11,"LOPEZ SANTANA, JAVIER",20:58,7,1,1,100.0,1,4,25.0,2,5,40.0,2,2,100.0,0,3,3,1,1,4,0,0,0,0,1,6,-13
2341467,CLUB OURENSE BALONCESTO,,12,"RODRÍGUEZ RAMOS, SAMUEL",15:51,4,2,2,100.0,0,5,0.0,2,7,28.6,0,0,0.0,0,3,3,0,0,1,0,0,0,1,2,2,1
2341467,CLUB OURENSE BALONCESTO,*,23,"KACINAS, MINDAUGAS",18:40,4,0,0,0.0,1,3,33.3,1,3,33.3,1,2,50.0,1,8,9,1,0,1,0,0,0,0,1,11,-10
2341467,CLUB OURENSE BALONCESTO,,35,"GILL, ROMARO JILORNEY",04:11,0,0,1,0.0,0,0,0.0,0,1,0.0,0,0,0.0,0,1,1,0,0,1,0,0,0,4,0,-5,-2
2341467,CLUB OURENSE BALONCESTO,*,41,"RADIC, IVICA",34:22,18,8,15,53.3,0,0,0.0,8,15,53.3,2,5,40.0,3,9,12,2,3,2,0,0,1,4,5,24,5
2341468,UEMC REAL VALLADOLID BALONCESTO,*,0,"SCHMIDT, DEVIN LAWRENCE",27:02,20,4,8,50.0,3,8,37.5,7,16,43.8,3,3,100.0,0,3,3,0,0,1,0,0,0,2,3,14,10
2341468,UEMC REAL VALLADOLID BALONCESTO,,1,"COSTA VAZQUEZ, SERGI",09:26,0,0,0,0.0,0,0,0.0,0,0,0.0,0,0,0.0,1,0,1,0,0,1,0,0,0,0,0,0,-12
2341468,UEMC REAL VALLADOLID BALONCESTO,*,3,"TORRES CUEVAS, MICHAEL",30:34,19,3,5,60.0,3,4,75.0,6,9,66.7,4,5,80.0,1,4,5,4,0,0,0,0,0,1,6,29,16
2341468,UEMC REAL VALLADOLID BALONCESTO,,6,"PUIDET, JAAN",15:40,2,1,1,100.0,0,2,0.0,1,3,33.3,0,2,0.0,3,2,5,0,2,2,0,0,0,4,1,0,-3
2341468,UEMC REAL VALLADOLID BALONCESTO,,8,"ROYO ARGOTE, IÑIGO",07:30,1,0,1,0.0,0,0,0.0,0,1,0.0,1,2,50.0,0,0,0,2,0,0,0,1,0,0,2,3,-1
2341468,UEMC REAL VALLADOLID BALONCESTO,,10,"N'GUESSAN, MARINUS LUCAS",17:57,5,2,3,66.7,0,0,0.0,2,3,66.7,1,2,50.0,1,1,2,1,0,1,4,0,1,0,1,10,-13
2341468,UEMC REAL VALLADOLID BALONCESTO,,20,"KOVACEVIC, MAJ",11:37,0,0,1,0.0,0,2,0.0,0,3,0.0,0,0,0.0,0,3,3,0,0,0,1,0,0,0,0,1,-10
2341468,UEMC REAL VALLADOLID BALONCESTO,*,22,"DE LA FUENTE VALDIZAN, SERGIO",23:30,4,0,2,0.0,0,2,0.0,0,4,0.0,4,8,50.0,3,4,7,0,2,1,0,0,0,1,5,8,11
2341468,UEMC REAL VALLADOLID BALONCESTO,,23,"FERNANDEZ MANZANARES, JAIME",09:48,2,1,1,100.0,0,0,0.0,1,1,100.0,0,0,0.0,0,2,2,0,0,2,2,0,0,1,1,4,-5
2341468,UEMC REAL VALLADOLID BALONCESTO,*,24,"NWOGBO, LOTANNA  AFAM",21:15,11,2,7,28.6,0,0,0.0,2,7,28.6,7,8,87.5,3,0,3,1,0,0,1,0,0,4,5,11,16
2341468,UEMC REAL VALLADOLID BALONCESTO,*,35,"BELEMENE DZABATOU, JUDICAEL ROMARIC",25:41,6,0,2,0.0,2,6,33.3,2,8,25.0,0,0,0.0,2,3,5,0,0,1,0,0,0,2,1,3,11
2341468,HESTIA MENORCA,*,3,"TOMAIC TOMAIC, JOSHUA TYRON",09:33,0,0,1,0.0,0,0,0.0,0,1,0.0,0,0,0.0,0,0,0,0,0,0,0,0,0,5,0,-6,2
2341468,HESTIA MENORCA,,4,"SANZ BARRIO, ALVARO MIGUEL",15:53,2,1,4,25.0,0,1,0.0,1,5,20.0,0,0,0.0,0,1,1,2,1,1,0,1,0,1,1,1,5
2341468,HESTIA MENORCA,,7,"LO, OMAR KABIR",25:20,5,2,7,28.6,0,0,0.0,2,7,28.6,1,2,50.0,4,0,4,1,0,2,1,1,2,1,1,3,-3
2341468,HESTIA MENORCA,,8,"YOMI KEMAYOU, MAXIME",05:22,0,0,0,0.0,0,0,0.0,0,0,0.0,0,0,0.0,0,1,1,0,0,0,0,0,0,1,0,0,3
2341468,HESTIA MENORCA,*,11,"HANNAH, CLEVIN FINLEY",28:23,31,2,4,50.0,8,13,61.5,10,17,58.8,3,3,100.0,1,1,2,3,0,2,0,0,0,3,5,29,-3
2341468,HESTIA MENORCA,*,12,"ALDERETE DIAZ, DIEGO",19:33,3,1,6,16.7,0,1,0.0,1,7,14.3,1,1,100.0,1,4,5,2,0,0,0,2,0,4,1,1,-2
2341468,HESTIA MENORCA,*,15,"MOLINS CALDERON, POL",25:59,6,2,6,33.3,0,6,0.0,2,12,16.7,2,2,100.0,1,1,2,1,1,0,0,1,0,2,3,1,-6
2341468,HESTIA MENORCA,*,17,"STOILOV, EMIL EMILOV",15:53,5,2,4,50.0,0,0,0.0,2,4,50.0,1,2,50.0,3,1,4,0,0,0,0,1,2,3,1,4,-7
2341468,HESTIA MENORCA,,21,"DEMERS, ERIC JAMES",19:56,3,0,5,0.0,1,5,20.0,1,10,10.0,0,0,0.0,0,3,3,1,0,1,0,2,0,2,1,-4,-2
2341468,HESTIA MENORCA,,22,"SUÁREZ CUSTODIO, PABLO",04:35,0,0,0,0.0,0,0,0.0,0,0,0.0,0,0,0.0,0,1,1,0,0,0,0,0,0,2,0,-1,-8
2341468,HESTIA MENORCA,,67,"TAMAYO LESMES, ALEX",08:28,0,0,0,0.0,0,0,0.0,0,0,0.0,0,0,0.0,0,1,1,0,1,0,0,0,0,0,0,2,2
2341468,HESTIA MENORCA,,77,"ARTEAGA GONZALEZ, VICTOR JESUS",21:05,11,5,6,83.3,0,0,0.0,5,6,83.3,1,2,50.0,3,4,7,1,1,0,0,0,1,2,1,17,-1
2341469,MELILLA CIUDAD DEL DEPORTE,*,1,"MARJANOVIC, ANDRIJA",29:29,11,1,5,20.0,3,5,60.0,4,10,40.0,0,0,0.0,1,1,2,2,0,2,0,1,0,2,2,7,-10
2341469,MELILLA CIUDAD DEL DEPORTE,,5,"FIGUEROA ÁLVAREZ, HÉCTOR",08:14,2,0,1,0.0,0,1,0.0,0,2,0.0,2,2,100.0,0,0,0,0,0,0,0,0,0,1,1,0,-6
2341469,MELILLA CIUDAD DEL DEPORTE,*,7,"VAN DYKE, PARKER DERRAH",19:42,7,2,3,66.7,1,4,25.0,3,7,42.9,0,0,0.0,0,3,3,2,0,2,0,1,0,3,0,3,-15
2341469,MELILLA CIUDAD DEL DEPORTE,*,8,"LEPICHEV, SIMEON IVANOV",19:13,7,2,2,100.0,1,3,33.3,3,5,60.0,0,0,0.0,0,2,2,1,1,1,0,0,0,1,0,7,-11
2341469,MELILLA CIUDAD DEL DEPORTE,,9,"ARCOS GONZALEZ, GUILLEM",22:22,9,1,3,33.3,2,4,50.0,3,7,42.9,1,1,100.0,1,0,1,3,0,3,0,0,0,1,3,8,-7
2341469,MELILLA CIUDAD DEL DEPORTE,,10,"MULERO MALDONADO, GUILLERMO",21:45,4,2,2,100.0,0,2,0.0,2,4,50.0,0,0,0.0,0,3,3,2,1,1,0,0,0,2,1,6,-8
2341469,MELILLA CIUDAD DEL DEPORTE,*,11,"RICHMOND, RYAN TIMOTHY",19:31,12,4,6,66.7,1,3,33.3,5,9,55.6,1,2,50.0,0,3,3,3,0,2,0,0,0,1,4,14,-14
2341469,MELILLA CIUDAD DEL DEPORTE,,12,"MENENDEZ GARCIA, JAVIER",05:48,0,0,0,0.0,0,0,0.0,0,0,0.0,0,0,0.0,0,1,1,0,0,0,0,0,0,0,0,1,1
2341469,MELILLA CIUDAD DEL DEPORTE,*,25,"NORELIA, MARC-EDY",23:55,11,4,9,44.4,0,0,0.0,4,9,44.4,3,4,75.0,2,2,4,2,0,2,0,0,1,3,3,9,-28
2341469,MELILLA CIUDAD DEL DEPORTE,,31,"GADILIAUSKAS, ROKAS",08:01,2,1,5,20.0,0,0,0.0,1,5,20.0,0,0,0.0,1,2,3,0,0,0,0,0,0,2,1,0,-4
2341469,MELILLA CIUDAD DEL DEPORTE,,44,"VARENCE, HASAN SHAKUR",22:00,0,0,2,0.0,0,2,0.0,0,4,0.0,0,0,0.0,2,5,7,1,0,2,0,0,0,2,1,1,-8
2341469,BALONCESTO FUENLABRADA,,3,"DIAZ DEL VALLE, RODRIGO",00:32,0,0,0,0.0,0,0,0.0,0,0,0.0,0,0,0.0,0,0,0,1,0,0,0,0,0,0,0,1,0
2341469,BALONCESTO FUENLABRADA,,4,"DIAZ, MATEO",21:53,7,1,5,20.0,1,5,20.0,2,10,20.0,2,2,100.0,0,2,2,3,3,3,0,0,0,2,2,4,11
2341469,BALONCESTO FUENLABRADA,,5,"ARANITOVIC, PETAR",20:39,17,3,8,37.5,2,4,50.0,5,12,41.7,5,5,100.0,0,2,2,3,2,1,0,0,0,0,3,19,28
2341469,BALONCESTO FUENLABRADA,*,7,"BELLAS GARCIA, TOMAS",17:37,6,0,0,0.0,2,4,50.0,2,4,50.0,0,0,0.0,0,2,2,6,0,0,0,0,0,3,3,12,11
2341469,BALONCESTO FUENLABRADA,,9,"BILBAO TORRONTEGUI, JORGE ALAIN",16:51,4,2,2,100.0,0,0,0.0,2,2,100.0,0,0,0.0,3,3,6,1,1,1,0,0,0,2,1,10,2
2341469,BALONCESTO FUENLABRADA,,12,"EHIGITOR EHIGITOR, OSAS",12:24,4,1,1,100.0,0,0,0.0,1,1,100.0,2,2,100.0,0,0,0,0,1,1,0,0,0,2,3,5,0
2341469,BALONCESTO FUENLABRADA,*,15,"MC GREW, TANNER BRYCE",25:54,11,1,1,100.0,3,6,50.0,4,7,57.1,0,0,0.0,1,4,5,2,1,2,1,0,0,1,0,14,22
2341469,BALONCESTO FUENLABRADA,*,16,"DURAN RUIZ, EDUARDO",19:45,5,1,2,50.0,1,2,50.0,2,4,50.0,0,0,0.0,0,2,2,2,0,0,1,0,0,3,0,5,17
2341469,BALONCESTO FUENLABRADA,,17,"MACOHA, RODIJS",17:00,8,2,3,66.7,1,3,33.3,3,6,50.0,1,2,50.0,1,4,5,2,0,0,0,0,0,3,1,9,-6
2341469,BALONCESTO FUENLABRADA,*,21,"VAN ZEGEREN, JOHAN WILLEM",24:49,14,7,13,53.8,0,0,0.0,7,13,53.8,0,0,0.0,4,5,9,0,0,1,0,0,1,0,1,17,20
2341469,BALONCESTO FUENLABRADA,*,55,"MESICEK, BLAZ",22:36,11,2,3,66.7,1,2,50.0,3,5,60.0,4,4,100.0,0,3,3,2,0,0,0,0,0,0,4,18,5
2341470,HLA ALICANTE,,1,"HARRIS, TYLER REED",18:40,0,0,1,0.0,0,1,0.0,0,2,0.0,0,0,0.0,0,2,2,1,1,1,1,0,0,1,1,2,-14
2341470,HLA ALICANTE,*,4,"DAVISON, BRADLEY JAMES",29:57,14,0,6,0.0,2,8,25.0,2,14,14.3,8,8,100.0,0,2,2,0,1,3,0,1,0,3,4,3,-11
2341470,HLA ALICANTE,*,6,"GUDMUNDSSON, JON AXEL",36:33,17,3,5,60.0,3,12,25.0,6,17,35.3,2,2,100.0,0,6,6,3,2,3,0,0,0,3,5,16,-15
2341470,HLA ALICANTE,*,7,"BERCY, KEVIN RICHARD",23:26,8,2,4,50.0,0,1,0.0,2,5,40.0,4,6,66.7,6,5,11,0,0,2,0,0,0,3,4,13,-10
2341470,HLA ALICANTE,*,11,"BALINT, RICHARD",28:56,3,0,1,0.0,1,9,11.1,1,10,10.0,0,0,0.0,0,0,0,3,2,4,0,0,0,1,1,-5,-14
2341470,HLA ALICANTE,,12,"GATELL SANZ, EDUARD",17:18,4,2,4,50.0,0,0,0.0,2,4,50.0,0,0,0.0,1,2,3,0,1,0,2,0,0,3,1,6,-12
2341470,HLA ALICANTE,,15,"KOSTADINOV, KONSTANTIN IROLAVOV",14:41,0,0,1,0.0,0,1,0.0,0,2,0.0,0,0,0.0,0,1,1,0,0,1,0,0,0,1,0,-3,-8
2341470,HLA ALICANTE,*,34,"BARRO, SERIGNE M M SY DIT DIAMIL",24:37,8,4,9,44.4,0,1,0.0,4,10,40.0,0,0,0.0,3,3,6,1,1,2,0,1,2,2,1,7,-14
2341470,HLA ALICANTE,,44,"HOOK, DAVID PATRIK",05:52,0,0,0,0.0,0,2,0.0,0,2,0.0,0,0,0.0,1,0,1,0,0,0,0,0,0,1,0,-2,-7
2341470,UEMC REAL VALLADOLID BALONCESTO,*,0,"SCHMIDT, DEVIN LAWRENCE",25:04,23,3,7,42.9,5,10,50.0,8,17,47.1,2,2,100.0,0,4,4,2,3,1,0,0,0,0,2,24,23
2341470,UEMC REAL VALLADOLID BALONCESTO,,1,"COSTA VAZQUEZ, SERGI",26:06,12,3,4,75.0,1,2,50.0,4,6,66.7,3,4,75.0,0,7,7,4,2,3,0,1,0,1,5,23,24
2341470,UEMC REAL VALLADOLID BALONCESTO,*,3,"TORRES CUEVAS, MICHAEL",13:54,2,1,3,33.3,0,1,0.0,1,4,25.0,0,0,0.0,1,3,4,1,2,4,0,0,0,4,1,-1,-3
2341470,UEMC REAL VALLADOLID BALONCESTO,,5,"GARCIA-ABRIL GUERRERO, JUAN",03:34,0,0,0,0.0,0,0,0.0,0,0,0.0,0,0,0.0,1,1,2,0,0,0,0,0,0,0,0,2,-4
2341470,UEMC REAL VALLADOLID BALONCESTO,,6,"PUIDET, JAAN",22:53,10,3,3,100.0,1,3,33.3,4,6,66.7,1,2,50.0,1,6,7,6,0,1,0,0,0,1,4,22,22
2341470,UEMC REAL VALLADOLID BALONCESTO,,8,"ROYO ARGOTE, IÑIGO",09:16,0,0,0,0.0,0,0,0.0,0,0,0.0,0,0,0.0,0,0,0,0,0,0,0,0,0,0,0,0,5
2341470,UEMC REAL VALLADOLID BALONCESTO,,10,"N'GUESSAN, MARINUS LUCAS",16:25,2,1,2,50.0,0,0,0.0,1,2,50.0,0,0,0.0,0,3,3,0,0,2,2,1,1,3,0,1,8
2341470,UEMC REAL VALLADOLID BALONCESTO,,20,"KOVACEVIC, MAJ",16:51,5,1,3,33.3,1,4,25.0,2,7,28.6,0,0,0.0,0,2,2,0,0,0,0,0,0,1,0,1,3
2341470,UEMC REAL VALLADOLID BALONCESTO,,22,"DE LA FUENTE VALDIZAN, SERGIO",19:34,7,3,7,42.9,0,3,0.0,3,10,30.0,1,4,25.0,2,2,4,1,0,0,0,1,0,1,3,4,10
2341470,UEMC REAL VALLADOLID BALONCESTO,*,23,"FERNANDEZ MANZANARES, JAIME",11:10,3,0,0,0.0,1,2,50.0,1,2,50.0,0,2,0.0,0,1,1,1,0,1,0,0,0,1,1,1,6
2341470,UEMC REAL VALLADOLID BALONCESTO,*,24,"NWOGBO, LOTANNA  AFAM",23:35,7,3,5,60.0,0,1,0.0,3,6,50.0,1,2,50.0,3,2,5,0,2,4,0,0,1,3,2,5,13
2341470,UEMC REAL VALLADOLID BALONCESTO,*,35,"BELEMENE DZABATOU, JUDICAEL ROMARIC",11:38,4,2,3,66.7,0,1,0.0,2,4,50.0,0,0,0.0,2,0,2,0,1,1,0,0,0,3,0,1,-2
2341471,HESTIA MENORCA,*,3,"TOMAIC TOMAIC, JOSHUA TYRON",11:28,9,1,1,100.0,2,3,66.7,3,4,75.0,1,2,50.0,0,1,1,0,0,1,0,0,1,4,2,5,14
2341471,HESTIA MENORCA,*,4,"SANZ BARRIO, ALVARO MIGUEL",12:34,5,1,3,33.3,1,1,100.0,2,4,50.0,0,0,0.0,1,1,2,2,1,2,0,0,0,3,0,3,7
2341471,HESTIA MENORCA,,7,"LO, OMAR KABIR",27:44,14,6,11,54.5,0,0,0.0,6,11,54.5,2,4,50.0,2,2,4,3,2,3,0,1,0,2,7,18,11
2341471,HESTIA MENORCA,,8,"YOMI KEMAYOU, MAXIME",06:10,0,0,0,0.0,0,0,0.0,0,0,0.0,0,0,0.0,1,1,2,1,0,0,0,0,0,0,1,4,4
2341471,HESTIA MENORCA,*,11,"HANNAH, CLEVIN FINLEY",34:02,15,3,4,75.0,2,6,33.3,5,10,50.0,3,4,75.0,0,3,3,5,2,1,0,0,0,1,5,22,7
2341471,HESTIA MENORCA,*,12,"ALDERETE DIAZ, DIEGO",29:45,17,7,10,70.0,0,4,0.0,7,14,50.0,3,3,100.0,2,2,4,2,2,1,0,0,0,3,2,16,22
2341471,HESTIA MENORCA,,15,"MOLINS CALDERON, POL",25:57,8,0,6,0.0,2,2,100.0,2,8,25.0,2,2,100.0,1,1,2,2,1,0,0,1,0,4,4,7,27
2341471,HESTIA MENORCA,*,17,"STOILOV, EMIL EMILOV",11:50,4,2,2,100.0,0,0,0.0,2,2,100.0,0,0,0.0,1,2,3,0,0,1,1,0,1,5,0,2,9
2341471,HESTIA MENORCA,,22,"SUÁREZ CUSTODIO, PABLO",05:50,3,0,1,0.0,1,2,50.0,1,3,33.3,0,0,0.0,0,0,0,0,0,0,0,0,0,2,0,-1,-1
2341471,HESTIA MENORCA,,67,"TAMAYO LESMES, ALEX",07:42,0,0,0,0.0,0,3,0.0,0,3,0.0,0,0,0.0,1,1,2,0,0,2,0,0,0,2,0,-5,-8
2341471,HESTIA MENORCA,,77,"ARTEAGA GONZALEZ, VICTOR JESUS",26:58,10,4,5,80.0,0,0,0.0,4,5,80.0,2,2,100.0,4,9,13,0,0,0,3,0,2,1,2,26,8
2341471,AMICS CASTELLÓ,,0,"NGOM, ABDOULAYE TANOR",18:16,12,4,5,80.0,0,0,0.0,4,5,80.0,4,5,80.0,3,2,5,1,1,0,1,1,2,2,3,19,1
2341471,AMICS CASTELLÓ,*,8,"FANER CATALA, JOAN",21:11,3,0,0,0.0,1,4,25.0,1,4,25.0,0,0,0.0,1,1,2,3,0,3,0,0,0,4,1,-1,-19
2341471,AMICS CASTELLÓ,,10,"MARTINEZ CLARIANA, ALVARO",28:44,4,2,7,28.6,0,0,0.0,2,7,28.6,0,1,0.0,3,4,7,2,2,1,0,1,0,3,1,6,2
2341471,AMICS CASTELLÓ,,11,"MANCHON CRESPO, DANIEL",29:19,19,4,8,50.0,1,3,33.3,5,11,45.5,8,12,66.7,1,3,4,1,0,3,1,0,0,1,10,21,-2
2341471,AMICS CASTELLÓ,,12,"BRESSAN, GONZALO",22:24,15,4,7,57.1,0,0,0.0,4,7,57.1,7,12,58.3,0,1,1,0,1,3,0,1,0,3,7,10,-9
2341471,AMICS CASTELLÓ,*,20,"JANKOVIC, MILOS",07:33,0,0,0,0.0,0,0,0.0,0,0,0.0,0,0,0.0,0,0,0,0,0,0,0,0,0,0,0,0,-12
2341471,AMICS CASTELLÓ,*,24,"HERMANSON, CALVIN ALEXANDER RODEN",22:51,5,1,5,20.0,1,5,20.0,2,10,20.0,0,0,0.0,1,1,2,0,0,2,0,1,0,4,0,-7,-20
2341471,AMICS CASTELLÓ,,30,"FRANCH DE PABLO, JOSEP",18:49,3,1,3,33.3,0,1,0.0,1,4,25.0,1,1,100.0,1,1,2,2,0,1,0,0,0,1,3,5,-1
2341471,AMICS CASTELLÓ,*,33,"DOMINGUEZ GONZALEZ, RUBEN",09:36,2,1,2,50.0,0,2,0.0,1,4,25.0,0,0,0.0,0,0,0,1,0,0,0,0,0,1,0,-1,-15
2341471,AMICS CASTELLÓ,*,42,"STUTZ, FREDERIC GEORGE",21:17,2,0,2,0.0,0,0,0.0,0,2,0.0,2,3,66.7,1,3,4,1,0,1,0,0,0,4,2,1,-25
2341472,CACERES PATRIMONIO DE LA HUMANIDAD,,1,"RODRIGO FERNANDEZ DE HEREDIA, PABLO",15:45,9,2,3,66.7,1,2,50.0,3,5,60.0,2,2,100.0,0,5,5,2,0,2,0,0,0,2,3,13,8
2341472,CACERES PATRIMONIO DE LA HUMANIDAD,*,2,"BONILLA SILVA, YAHIR GAEL",26:43,11,4,6,66.7,1,1,100.0,5,7,71.4,0,0,0.0,0,2,2,4,3,2,2,1,1,1,3,20,-3
2341472,CACERES PATRIMONIO DE LA HUMANIDAD,*,4,"ATENCIA SUAREZ, HANSEL GIOVANNI",24:15,13,5,8,62.5,0,3,0.0,5,11,45.5,3,4,75.0,1,2,3,7,4,0,0,0,0,3,2,19,6
2341472,CACERES PATRIMONIO DE LA HUMANIDAD,,11,"RAITANEN, REMU EMIL",19:53,13,1,4,25.0,3,5,60.0,4,9,44.4,2,3,66.7,0,3,3,2,0,1,0,0,0,4,2,9,6
2341472,CACERES PATRIMONIO DE LA HUMANIDAD,,12,"CEPUKAITIS, VAIDAS",13:40,10,4,4,100.0,0,0,0.0,4,4,100.0,2,6,33.3,2,1,3,0,1,2,0,0,0,5,4,7,1
2341472,CACERES PATRIMONIO DE LA HUMANIDAD,*,20,"DA SILVA ANDRÉ, DIKEMBE",26:20,6,3,5,60.0,0,0,0.0,3,5,60.0,0,0,0.0,3,5,8,2,0,2,0,0,1,2,1,11,13
2341472,CACERES PATRIMONIO DE LA HUMANIDAD,*,22,"GANTT, GREGORY ROBERT",32:33,17,1,5,20.0,5,7,71.4,6,12,50.0,0,0,0.0,0,1,1,0,1,0,0,0,0,2,2,13,10
2341472,CACERES PATRIMONIO DE LA HUMANIDAD,,24,"RODRIGUEZ GARCIA, DANIEL",16:07,3,1,2,50.0,0,1,0.0,1,3,33.3,1,1,100.0,0,3,3,2,0,1,0,0,0,3,2,4,9
2341472,CACERES PATRIMONIO DE LA HUMANIDAD,*,33,"SANTANA LUCHORO, JUAN JOSE",20:07,5,1,4,25.0,1,5,20.0,2,9,22.2,0,0,0.0,2,1,3,1,1,0,0,0,0,3,0,0,8
2341472,CACERES PATRIMONIO DE LA HUMANIDAD,,44,"SIGISMONTI RODRÍGUEZ, LUCAS NESTOR",04:37,3,0,0,0.0,1,1,100.0,1,1,100.0,0,0,0.0,1,0,1,1,0,0,0,0,0,1,0,4,12
2341472,MELILLA CIUDAD DEL DEPORTE,*,1,"MARJANOVIC, ANDRIJA",09:07,0,0,0,0.0,0,0,0.0,0,0,0.0,0,0,0.0,0,0,0,0,0,2,0,0,0,1,0,-3,-14
2341472,MELILLA CIUDAD DEL DEPORTE,*,7,"VAN DYKE, PARKER DERRAH",25:25,2,1,4,25.0,0,3,0.0,1,7,14.3,0,0,0.0,0,4,4,4,1,1,0,0,0,1,0,3,-14
2341472,MELILLA CIUDAD DEL DEPORTE,*,8,"LEPICHEV, SIMEON IVANOV",18:57,8,4,6,66.7,0,0,0.0,4,6,66.7,0,0,0.0,1,1,2,3,0,0,0,0,0,2,1,10,-7
2341472,MELILLA CIUDAD DEL DEPORTE,*,9,"ARCOS GONZALEZ, GUILLEM",29:06,17,7,10,70.0,0,2,0.0,7,12,58.3,3,3,100.0,0,0,0,1,1,4,0,0,0,1,6,15,-4
2341472,MELILLA CIUDAD DEL DEPORTE,,10,"MULERO MALDONADO, GUILLERMO",20:56,10,3,4,75.0,0,1,0.0,3,5,60.0,4,5,80.0,1,1,2,1,0,1,0,1,0,1,3,11,8
2341472,MELILLA CIUDAD DEL DEPORTE,,11,"RICHMOND, RYAN TIMOTHY",11:02,2,0,2,0.0,0,0,0.0,0,2,0.0,2,2,100.0,0,1,1,0,0,0,0,0,0,3,1,-1,-10
2341472,MELILLA CIUDAD DEL DEPORTE,,12,"MENENDEZ GARCIA, JAVIER",05:17,0,0,2,0.0,0,0,0.0,0,2,0.0,0,0,0.0,0,2,2,0,0,0,0,1,0,0,0,0,3
2341472,MELILLA CIUDAD DEL DEPORTE,*,25,"NORELIA, MARC-EDY",32:14,16,5,10,50.0,0,0,0.0,5,10,50.0,6,6,100.0,2,9,11,2,2,3,1,0,1,4,7,27,-7
2341472,MELILLA CIUDAD DEL DEPORTE,,31,"GADILIAUSKAS, ROKAS",03:13,1,0,0,0.0,0,0,0.0,0,0,0.0,1,2,50.0,0,0,0,0,0,0,0,0,0,2,1,-1,-7
2341472,MELILLA CIUDAD DEL DEPORTE,,44,"VARENCE, HASAN SHAKUR",20:11,3,0,2,0.0,1,3,33.3,1,5,20.0,0,0,0.0,0,3,3,0,1,3,0,0,0,2,3,1,-10
2341472,MELILLA CIUDAD DEL DEPORTE,,55,"TAMULIS, JUSTAS",24:32,17,2,2,100.0,3,6,50.0,5,8,62.5,4,4,100.0,0,2,2,1,1,0,0,0,0,2,4,20,-8
2341473,LEYMA CORUÑA,,4,"ARIS PETERSEN, SEBASTIAN",14:05,3,0,0,0.0,1,1,100.0,1,1,100.0,0,0,0.0,1,0,1,5,0,2,0,0,0,4,1,4,8
2341473,LEYMA CORUÑA,*,7,"JAKOVICS, INGUS",16:48,8,1,1,100.0,1,2,50.0,2,3,66.7,3,3,100.0,0,1,1,7,1,1,0,0,0,0,2,17,22
2341473,LEYMA CORUÑA,*,8,"HUSKIC, GORAN",19:26,13,5,6,83.3,0,1,0.0,5,7,71.4,3,4,75.0,0,3,3,3,1,3,0,0,0,0,3,17,20
2341473,LEYMA CORUÑA,*,9,"LUNDQVIST, KARL OLLE VIKTOR",20:58,13,3,5,60.0,1,1,100.0,4,6,66.7,4,5,80.0,0,1,1,0,2,1,0,0,0,5,4,11,17
2341473,LEYMA CORUÑA,,12,"DIAGNE, ATOUMANE",16:43,9,3,3,100.0,0,0,0.0,3,3,100.0,3,3,100.0,2,5,7,0,0,0,0,0,0,4,3,15,15
2341473,LEYMA CORUÑA,,15,"HERNANDEZ MONTENEGRO, PABLO",16:45,8,4,4,100.0,0,3,0.0,4,7,57.1,0,0,0.0,1,3,4,1,1,0,0,0,0,3,0,8,14
2341473,LEYMA CORUÑA,,22,"FONT RODRIGUEZ, ALEIX",19:02,5,1,1,100.0,1,4,25.0,2,5,40.0,0,0,0.0,0,0,0,5,0,3,0,0,0,4,1,1,12
2341473,LEYMA CORUÑA,*,23,"BARRUETA, YUNIO RAFAEL",22:56,23,2,3,66.7,6,12,50.0,8,15,53.3,1,1,100.0,0,2,2,0,0,2,0,0,0,3,1,14,12
2341473,LEYMA CORUÑA,,24,"MC DONNELL, SEAN WILLIAM",24:04,23,6,8,75.0,3,3,100.0,9,11,81.8,2,2,100.0,1,3,4,1,1,0,0,0,0,3,2,26,12
2341473,LEYMA CORUÑA,,30,"HERNANDEZ MAIQUEZ, ALEJANDRO",10:42,8,3,3,100.0,0,1,0.0,3,4,75.0,2,2,100.0,0,0,0,3,0,0,0,0,0,1,2,11,2
2341473,LEYMA CORUÑA,*,57,"GALAN POZO, ALEJANDRO",18:31,6,1,1,100.0,0,1,0.0,1,2,50.0,4,4,100.0,4,3,7,3,2,0,0,0,0,3,3,17,11
2341473,GRUPO ALEGA CANTABRIA,*,3,"VOYTSO, VLADYSLAV",18:02,2,1,2,50.0,0,2,0.0,1,4,25.0,0,0,0.0,2,3,5,3,2,1,0,0,0,2,0,6,-13
2341473,GRUPO ALEGA CANTABRIA,*,5,"LITTLESON, SPENCER PHILLIP",21:41,14,3,8,37.5,2,6,33.3,5,14,35.7,2,2,100.0,2,1,3,2,1,2,0,0,1,2,2,9,-22
2341473,GRUPO ALEGA CANTABRIA,*,7,"BULIC, MIRZA",28:24,26,7,9,77.8,0,1,0.0,7,10,70.0,12,15,80.0,2,1,3,1,1,1,0,0,0,4,12,32,-18
2341473,GRUPO ALEGA CANTABRIA,,11,"KLAVZAR, URBAN",22:43,25,5,6,83.3,3,5,60.0,8,11,72.7,6,6,100.0,0,1,1,0,2,3,0,0,0,2,6,26,-12
2341473,GRUPO ALEGA CANTABRIA,,13,"NOGUES JARNE, JOSE IGNACIO",22:51,4,1,2,50.0,0,0,0.0,1,2,50.0,2,2,100.0,0,2,2,0,0,1,0,0,0,2,2,4,-9
2341473,GRUPO ALEGA CANTABRIA,,22,"SANS VALLS, AGUSTI",15:59,0,0,1,0.0,0,2,0.0,0,3,0.0,0,0,0.0,0,0,0,1,0,1,0,0,0,1,2,-2,-15
2341473,GRUPO ALEGA CANTABRIA,,23,"PEÑARROYA CASTILLA, MARC",17:47,2,0,1,0.0,0,2,0.0,0,3,0.0,2,4,50.0,1,1,2,5,2,2,0,0,0,2,2,4,-7
2341473,GRUPO ALEGA CANTABRIA,*,28,"DIAS MARQUES LISBOA SANTOS, RAFAEL",14:30,2,1,2,50.0,0,2,0.0,1,4,25.0,0,0,0.0,0,0,0,2,0,1,0,0,0,3,0,-3,-26
2341473,GRUPO ALEGA CANTABRIA,,34,"NIANG BEYE, SERIGNE FALLOU",13:54,0,0,0,0.0,0,1,0.0,0,1,0.0,0,2,0.0,1,1,2,1,0,1,0,0,0,4,1,-4,-10
2341473,GRUPO ALEGA CANTABRIA,*,41,"RADUNIC, MATEJ",24:09,15,6,9,66.7,1,2,50.0,7,11,63.6,0,3,0.0,4,0,4,0,0,2,0,0,0,1,3,12,-13
2341474,ICG FORÇA LLEIDA,*,0,"DE SOUSA ANJO BRITO, DIOGO EMANUEL",23:16,9,2,4,50.0,1,8,12.5,3,12,25.0,2,4,50.0,1,3,4,4,2,6,0,0,0,2,3,3,-13
2341474,ICG FORÇA LLEIDA,*,3,"MATULIONIS, OSVALDAS",32:47,3,0,0,0.0,1,4,25.0,1,4,25.0,0,0,0.0,4,3,7,1,2,4,0,0,0,2,2,6,-15
2341474,ICG FORÇA LLEIDA,*,4,"VILLAR CORNAGO, RAFAEL",30:00,10,3,6,50.0,1,3,33.3,4,9,44.4,1,4,25.0,2,2,4,3,2,1,0,0,0,3,8,15,-14
2341474,ICG FORÇA LLEIDA,*,6,"CUELLAR GARCIA, DAVID",14:04,4,0,0,0.0,0,3,0.0,0,3,0.0,4,6,66.7,1,1,2,0,1,1,0,0,0,0,3,4,-7
2341474,ICG FORÇA LLEIDA,,10,"VEGA MERAYO, JAVIER",07:29,0,0,0,0.0,0,1,0.0,0,1,0.0,0,0,0.0,0,1,1,0,0,0,0,0,0,1,0,-1,1
2341474,ICG FORÇA LLEIDA,,13,"LOBO MARTORELL, JAUME",18:23,10,2,6,33.3,1,4,25.0,3,10,30.0,3,3,100.0,0,0,0,1,1,1,0,2,0,3,7,8,-6
2341474,ICG FORÇA LLEIDA,*,23,"KUATH, KUR NYOK",24:02,14,5,9,55.6,0,0,0.0,5,9,55.6,4,5,80.0,0,2,2,0,2,0,1,0,1,2,5,17,-14
2341474,ICG FORÇA LLEIDA,,24,"ARROYO VARELA, IGNACIO ANDRES",20:19,12,4,8,50.0,0,0,0.0,4,8,50.0,4,4,100.0,1,0,1,2,1,2,0,0,0,1,2,11,-9
2341474,ICG FORÇA LLEIDA,,32,"THOMAS, QUINTROLL DAROLL",10:20,2,1,2,50.0,0,0,0.0,1,2,50.0,0,0,0.0,1,1,2,0,0,3,0,0,0,5,0,-5,-7
2341474,ICG FORÇA LLEIDA,,33,"SIMEUNOVIC, DJORDJE",19:20,2,1,2,50.0,0,1,0.0,1,3,33.3,0,0,0.0,4,3,7,0,0,2,0,0,0,1,1,5,-16
2341474,GRUPO URETA TIZONA BURGOS,*,10,"PARRADO CALABRIA, ARNAU",19:16,5,2,4,50.0,0,3,0.0,2,7,28.6,1,2,50.0,2,0,2,2,2,4,1,0,1,5,4,1,10
2341474,GRUPO URETA TIZONA BURGOS,,13,"VILA SOLEY, RAMON",21:10,19,8,10,80.0,0,1,0.0,8,11,72.7,3,3,100.0,1,0,1,2,1,2,0,0,1,4,3,17,20
2341474,GRUPO URETA TIZONA BURGOS,,14,"MUNFORD MONTEIRO, RAFAEL",05:04,3,0,1,0.0,1,1,100.0,1,2,50.0,0,0,0.0,0,1,1,0,0,0,0,0,0,1,0,2,7
2341474,GRUPO URETA TIZONA BURGOS,,21,"BÖHM, DAVID",14:53,3,0,1,0.0,1,2,50.0,1,3,33.3,0,0,0.0,3,0,3,0,0,2,0,0,0,2,0,0,9
2341474,GRUPO URETA TIZONA BURGOS,*,24,"CREMO, JOSEPH ROBERT",26:58,19,1,4,25.0,4,7,57.1,5,11,45.5,5,5,100.0,0,1,1,5,3,1,0,0,0,2,4,23,15
2341474,GRUPO URETA TIZONA BURGOS,,34,"KIELI, GARMINE KANDE",04:54,4,2,2,100.0,0,0,0.0,2,2,100.0,0,2,0.0,0,0,0,0,0,0,0,0,1,1,1,2,-5
2341474,GRUPO URETA TIZONA BURGOS,,35,"SEOANE RODICIO, RODRIGO",18:49,9,0,1,0.0,3,4,75.0,3,5,60.0,0,0,0.0,2,8,10,0,2,1,1,0,0,3,3,19,8
2341474,GRUPO URETA TIZONA BURGOS,*,44,"THIAM, ABDOU",13:08,2,0,1,0.0,0,0,0.0,0,1,0.0,2,4,50.0,3,1,4,0,1,0,0,0,0,4,2,2,7
2341474,GRUPO URETA TIZONA BURGOS,*,50,"DIAZ ALEJANO, JACOBO",21:28,9,1,2,50.0,2,4,50.0,3,6,50.0,1,1,100.0,4,4,8,2,0,4,0,0,0,2,2,12,6
2341474,GRUPO URETA TIZONA BURGOS,,55,"JOFRESA SARRET, GERARD",13:58,8,1,2,50.0,2,5,40.0,3,7,42.9,0,0,0.0,0,2,2,1,1,2,0,0,0,2,0,4,3
2341474,GRUPO URETA TIZONA BURGOS,,60,"ALONSO RUIZ, AYOZE",13:51,3,1,2,50.0,0,0,0.0,1,2,50.0,1,2,50.0,0,1,1,3,0,2,0,1,0,4,1,0,7
2341474,GRUPO URETA TIZONA BURGOS,*,88,"CUEVAS SIMARRO, DIDAC",26:31,2,1,2,50.0,0,4,0.0,1,6,16.7,0,0,0.0,0,4,4,9,1,1,0,0,0,3,0,7,13
2341475,BALONCESTO FUENLABRADA,,4,"DIAZ, MATEO",21:53,15,4,10,40.0,1,2,50.0,5,12,41.7,4,4,100.0,0,6,6,2,2,3,1,0,0,3,5,18,12
2341475,BALONCESTO FUENLABRADA,*,5,"ARANITOVIC, PETAR",10:13,6,3,8,37.5,0,2,0.0,3,10,30.0,0,0,0.0,3,0,3,0,1,0,0,1,0,1,0,2,-16
2341475,BALONCESTO FUENLABRADA,*,7,"BELLAS GARCIA, TOMAS",27:22,4,0,1,0.0,1,5,20.0,1,6,16.7,1,2,50.0,0,2,2,2,1,2,0,1,0,3,3,1,-20
2341475,BALONCESTO FUENLABRADA,,9,"BILBAO TORRONTEGUI, JORGE ALAIN",22:40,6,3,5,60.0,0,0,0.0,3,5,60.0,0,0,0.0,2,6,8,3,0,1,0,1,0,5,0,9,14
2341475,BALONCESTO FUENLABRADA,,12,"EHIGITOR EHIGITOR, OSAS",06:41,0,0,1,0.0,0,0,0.0,0,1,0.0,0,0,0.0,1,0,1,0,0,1,0,0,0,0,1,0,11
2341475,BALONCESTO FUENLABRADA,*,15,"MC GREW, TANNER BRYCE",30:46,4,2,3,66.7,0,6,0.0,2,9,22.2,0,0,0.0,2,5,7,1,0,1,0,0,0,0,0,4,-20
2341475,BALONCESTO FUENLABRADA,,16,"DURAN RUIZ, EDUARDO",25:20,12,2,6,33.3,2,4,50.0,4,10,40.0,2,2,100.0,1,3,4,1,2,1,0,2,0,5,3,10,8
2341475,BALONCESTO FUENLABRADA,,17,"MACOHA, RODIJS",15:40,5,1,3,33.3,0,0,0.0,1,3,33.3,3,6,50.0,0,2,2,0,0,0,0,0,0,2,3,3,4
2341475,BALONCESTO FUENLABRADA,*,21,"VAN ZEGEREN, JOHAN WILLEM",19:53,9,4,6,66.7,0,0,0.0,4,6,66.7,1,1,100.0,2,2,4,0,0,1,0,0,0,3,2,9,-21
2341475,BALONCESTO FUENLABRADA,*,55,"MESICEK, BLAZ",19:32,3,0,1,0.0,1,4,25.0,1,5,20.0,0,0,0.0,0,1,1,0,0,1,0,0,0,1,3,1,-12
2341475,LONGEVIDA SAN PABLO BURGOS,,3,"SPEIGHT, MICAH MARQUIS",20:25,8,1,4,25.0,1,3,33.3,2,7,28.6,3,4,75.0,1,2,3,1,1,4,0,0,0,3,2,2,-13
2341475,LONGEVIDA SAN PABLO BURGOS,,4,"ADALA MOTO, ARNAUD WILLIAM",12:02,3,0,1,0.0,1,1,100.0,1,2,50.0,0,0,0.0,1,3,4,0,0,0,0,0,1,2,2,6,4
2341475,LONGEVIDA SAN PABLO BURGOS,,9,"BARRERA PASAN, ALEJANDRO",07:16,0,0,0,0.0,0,2,0.0,0,2,0.0,0,0,0.0,0,0,0,0,0,0,0,0,0,0,1,-1,-14
2341475,LONGEVIDA SAN PABLO BURGOS,*,10,"CORBALAN, GONZALO",25:19,20,5,6,83.3,3,6,50.0,8,12,66.7,1,2,50.0,0,4,4,3,1,2,0,0,1,2,3,22,29
2341475,LONGEVIDA SAN PABLO BURGOS,*,11,"VENE, SIIM-SANDER",26:14,6,0,3,0.0,2,5,40.0,2,8,25.0,0,0,0.0,0,3,3,1,0,0,1,0,0,2,0,3,22
2341475,LONGEVIDA SAN PABLO BURGOS,,13,"KASIBABU SHILALA, JONATHAN",15:14,1,0,0,0.0,0,0,0.0,0,0,0.0,1,2,50.0,0,2,2,0,0,2,0,0,0,1,3,2,-13
2341475,LONGEVIDA SAN PABLO BURGOS,,15,"ROSA POMPIDO, IGNACIO",13:46,2,1,1,100.0,0,3,0.0,1,4,25.0,0,0,0.0,0,2,2,0,0,0,0,0,0,3,1,-1,-14
2341475,LONGEVIDA SAN PABLO BURGOS,*,16,"JIMENEZ GARRIDO, MILLAN",18:28,5,1,1,100.0,1,3,33.3,2,4,50.0,0,0,0.0,2,4,6,3,1,0,0,0,0,2,0,11,17
2341475,LONGEVIDA SAN PABLO BURGOS,*,31,"LAPORNIK, MIHA",23:49,7,0,2,0.0,1,3,33.3,1,5,20.0,4,6,66.7,0,6,6,6,2,2,0,0,0,1,4,16,14
2341475,LONGEVIDA SAN PABLO BURGOS,*,40,"FISCHER, LUCAS JAMES",24:24,14,7,9,77.8,0,1,0.0,7,10,70.0,0,4,0.0,1,4,5,1,0,0,4,0,3,0,3,20,21
2341475,LONGEVIDA SAN PABLO BURGOS,,44,"ALI, PRINCE ADAMS",13:03,6,1,2,50.0,0,3,0.0,1,5,20.0,4,6,66.7,0,0,0,1,2,1,0,1,0,4,4,2,-13
2341476,CLUB OURENSE BALONCESTO,,0,"PALAZUELOS PEREZ, ALVARO",13:19,13,2,2,100.0,3,4,75.0,5,6,83.3,0,0,0.0,1,2,3,1,0,1,0,0,0,0,1,16,23
2341476,CLUB OURENSE BALONCESTO,*,1,"TURNER, JUSTIN RAFAEL",07:49,4,0,1,0.0,1,1,100.0,1,2,50.0,1,2,50.0,0,1,1,1,0,0,0,0,0,1,1,4,-3
2341476,CLUB OURENSE BALONCESTO,,3,"MENDICOTE RUBIO, UNAI",15:30,6,1,2,50.0,0,1,0.0,1,3,33.3,4,4,100.0,0,1,1,1,0,1,0,0,0,0,5,10,7
2341476,CLUB OURENSE BALONCESTO,,6,"PETER-MCNEILLY, ADIKA O'NEILL",26:26,8,1,3,33.3,2,4,50.0,3,7,42.9,0,0,0.0,0,2,2,3,0,1,0,1,0,2,0,6,16
2341476,CLUB OURENSE BALONCESTO,*,8,"JAWARA, KARAMO",30:48,2,1,1,100.0,0,0,0.0,1,1,100.0,0,2,0.0,0,4,4,4,1,3,0,0,0,2,5,9,14
2341476,CLUB OURENSE BALONCESTO,,10,"LLORENTE PAZ, SERGIO ANTONIO",18:33,0,0,0,0.0,0,0,0.0,0,0,0.0,0,0,0.0,0,1,1,4,0,2,0,0,0,1,1,3,-4
2341476,CLUB OURENSE BALONCESTO,*,11,"LOPEZ SANTANA, JAVIER",21:47,4,0,2,0.0,1,3,33.3,1,5,20.0,1,4,25.0,0,2,2,5,1,1,0,0,0,1,3,6,21
2341476,CLUB OURENSE BALONCESTO,,12,"RODRÍGUEZ RAMOS, SAMUEL",16:57,11,1,3,33.3,3,4,75.0,4,7,57.1,0,2,0.0,0,2,2,2,1,0,0,0,0,2,2,11,24
2341476,CLUB OURENSE BALONCESTO,*,23,"KACINAS, MINDAUGAS",19:11,4,0,4,0.0,1,2,50.0,1,6,16.7,1,1,100.0,2,2,4,1,1,3,0,1,0,1,1,2,-6
2341476,CLUB OURENSE BALONCESTO,,35,"GILL, ROMARO JILORNEY",09:31,2,1,2,50.0,0,0,0.0,1,2,50.0,0,0,0.0,1,0,1,0,2,4,0,1,0,1,0,-1,-2
2341476,CLUB OURENSE BALONCESTO,*,41,"RADIC, IVICA",20:09,14,6,7,85.7,0,0,0.0,6,7,85.7,2,6,33.3,5,5,10,0,1,2,1,0,0,3,5,21,-5
2341476,RIOVERDE CLAVIJO,,1,"MORENO TRUJILLO, ALBERTO",07:27,0,0,0,0.0,0,1,0.0,0,1,0.0,0,0,0.0,0,0,0,0,0,1,0,0,0,1,1,-2,-3
2341476,RIOVERDE CLAVIJO,*,5,"DE PABLO DEL CASTILLO, MIGUEL",13:55,6,0,0,0.0,2,3,66.7,2,3,66.7,0,0,0.0,0,0,0,3,1,2,0,0,0,1,1,7,5
2341476,RIOVERDE CLAVIJO,*,7,"ESTEVES-GARCIA COFFI, JUAN ALBERTO",27:21,3,0,4,0.0,1,5,20.0,1,9,11.1,0,0,0.0,1,1,2,3,2,2,0,0,0,3,0,-3,-13
2341476,RIOVERDE CLAVIJO,,9,"ARBOSA ROLDAN, HUGO",07:38,3,1,1,100.0,0,0,0.0,1,1,100.0,1,1,100.0,1,0,1,3,0,0,1,0,0,0,1,9,1
2341476,RIOVERDE CLAVIJO,,10,"CABRERA GARRANCHO, ALBERTO",27:46,5,1,2,50.0,1,2,50.0,2,4,50.0,0,0,0.0,3,1,4,1,2,2,0,0,0,2,4,10,-23
2341476,RIOVERDE CLAVIJO,*,12,"NICOLAU ALEDON, JAVIER",27:32,7,3,8,37.5,0,1,0.0,3,9,33.3,1,2,50.0,3,5,8,3,1,0,1,0,2,3,1,11,-9
2341476,RIOVERDE CLAVIJO,,14,"TAMBA VILLEN, ISMAEL",17:51,3,1,1,100.0,0,1,0.0,1,2,50.0,1,2,50.0,1,2,3,2,3,5,0,0,0,4,2,2,-9
2341476,RIOVERDE CLAVIJO,,23,"NORRIS JR, ANDRE LAZAR",23:12,5,2,3,66.7,0,6,0.0,2,9,22.2,1,2,50.0,1,6,7,1,1,1,1,0,0,4,2,4,-18
2341476,RIOVERDE CLAVIJO,*,33,"TORRES CUEVAS, KEVIN",21:43,6,0,3,0.0,2,9,22.2,2,12,16.7,0,0,0.0,0,2,2,1,2,0,0,1,0,1,1,1,-14
2341476,RIOVERDE CLAVIJO,*,55,"TREVIÑO QUINTILLA, PAU",21:19,10,2,3,66.7,2,4,50.0,4,7,57.1,0,0,0.0,0,0,0,0,1,0,0,0,0,2,1,7,-1
2341476,RIOVERDE CLAVIJO,,77,"KNUDSEN, DAVID ERIK",04:16,3,0,0,0.0,1,1,100.0,1,1,100.0,0,0,0.0,0,0,0,0,0,2,0,0,0,3,0,-2,-1
2341477,ALIMERKA OVIEDO BALONCESTO,,6,"RIBAU AMARANTE, FRANCISCO JOSE",09:47,6,0,3,0.0,2,3,66.7,2,6,33.3,0,0,0.0,1,0,1,0,1,1,0,0,0,2,1,2,-7
2341477,ALIMERKA OVIEDO BALONCESTO,,7,"DUSCAK, DAN",12:02,3,0,1,0.0,1,3,33.3,1,4,25.0,0,0,0.0,1,0,1,3,1,0,0,1,0,2,1,4,-3
2341477,ALIMERKA OVIEDO BALONCESTO,*,10,"PEREZ TOMAS, JOSEP",27:58,10,2,4,50.0,2,6,33.3,4,10,40.0,0,0,0.0,1,2,3,3,0,0,0,1,0,2,2,10,-2
2341477,ALIMERKA OVIEDO BALONCESTO,*,13,"HORTON, DEMETRIC",28:01,18,2,5,40.0,4,10,40.0,6,15,40.0,2,2,100.0,0,3,3,6,0,2,0,1,0,2,1,15,0
2341477,ALIMERKA OVIEDO BALONCESTO,,14,"SANZ ZARANDONA, MIKEL",19:36,16,2,2,100.0,3,3,100.0,5,5,100.0,3,3,100.0,3,2,5,0,0,1,0,0,0,1,2,21,-3
2341477,ALIMERKA OVIEDO BALONCESTO,,15,"ROZITIS, DAVIS",08:33,2,1,3,33.3,0,0,0.0,1,3,33.3,0,0,0.0,1,0,1,0,0,1,0,0,0,1,0,-1,-1
2341477,ALIMERKA OVIEDO BALONCESTO,,17,"MARTI ROIG, MARC",15:34,11,3,5,60.0,0,0,0.0,3,5,60.0,5,8,62.5,1,1,2,2,0,2,0,0,1,5,7,10,3
2341477,ALIMERKA OVIEDO BALONCESTO,*,24,"STUCKMAN, TUNNER",12:09,2,1,2,50.0,0,4,0.0,1,6,16.7,0,0,0.0,1,0,1,0,0,2,1,0,0,3,1,-5,-5
2341477,ALIMERKA OVIEDO BALONCESTO,*,34,"ELISIAS, HALL",14:59,3,1,4,25.0,0,0,0.0,1,4,25.0,1,2,50.0,1,2,3,0,0,2,0,0,0,5,1,-4,-7
2341477,ALIMERKA OVIEDO BALONCESTO,,41,"COSIALLS BORRAS, ROBERT",22:02,2,1,2,50.0,0,1,0.0,1,3,33.3,0,0,0.0,2,2,4,2,1,0,0,0,0,1,3,9,1
2341477,ALIMERKA OVIEDO BALONCESTO,*,55,"LOBACO MUÑOZ, RAUL",29:19,8,0,1,0.0,2,3,66.7,2,4,50.0,2,2,100.0,1,0,1,3,2,2,0,0,0,2,1,9,-1
2341477,GUUK GIPUZKOA BASKET,*,3,"BARCELLO, ALEXANDER MICHAEL",27:19,19,5,8,62.5,1,4,25.0,6,12,50.0,6,8,75.0,0,4,4,9,0,2,0,0,0,4,7,25,-1
2341477,GUUK GIPUZKOA BASKET,*,5,"CARLSON, MICHAEL KAZ",19:29,12,3,6,50.0,2,3,66.7,5,9,55.6,0,0,0.0,1,2,3,4,0,0,0,1,0,2,0,13,6
2341477,GUUK GIPUZKOA BASKET,*,7,"OROZ URIA, XABIER",31:15,7,2,3,66.7,1,3,33.3,3,6,50.0,0,0,0.0,1,4,5,7,1,2,1,0,0,3,1,14,17
2341477,GUUK GIPUZKOA BASKET,*,8,"STÜRUP, MADS BONDE",24:26,3,0,2,0.0,1,2,50.0,1,4,25.0,0,0,0.0,2,1,3,0,0,2,0,0,0,1,0,0,8
2341477,GUUK GIPUZKOA BASKET,,9,"MOTOS CABODEVILLA, MIKEL",19:50,2,1,1,100.0,0,4,0.0,1,5,20.0,0,0,0.0,0,0,0,1,0,0,0,0,0,0,2,1,-5
2341477,GUUK GIPUZKOA BASKET,,10,"ANSORREGUI DEBA, MANEX",17:25,7,1,1,100.0,0,0,0.0,1,1,100.0,5,8,62.5,0,1,1,1,4,1,0,0,0,2,5,12,-8
2341477,GUUK GIPUZKOA BASKET,,11,"VRANKIC, JOSIP",18:46,11,2,5,40.0,2,2,100.0,4,7,57.1,1,2,50.0,3,2,5,2,0,1,0,0,0,2,1,12,4
2341477,GUUK GIPUZKOA BASKET,,12,"HARRELL, MASON ZANE",02:26,0,0,0,0.0,0,0,0.0,0,0,0.0,0,0,0.0,0,0,0,0,0,0,0,0,0,1,0,-1,-5
2341477,GUUK GIPUZKOA BASKET,*,15,"AURRECOECHEA ALCOLADO, IVAN",24:41,20,8,8,100.0,0,0,0.0,8,8,100.0,4,8,50.0,3,6,9,0,0,2,1,0,0,1,8,31,10
2341477,GUUK GIPUZKOA BASKET,,55,"MARCIUS, ALEKSANDAR",14:23,5,2,2,100.0,0,1,0.0,2,3,66.7,1,2,50.0,1,0,1,1,0,3,1,0,0,4,2,1,-1
2341478,REAL BETIS BALONCESTO,,1,"ROMERO NARANJO, RAFAEL",00:31,0,0,0,0.0,0,0,0.0,0,0,0.0,0,0,0.0,0,0,0,0,0,0,0,0,0,0,0,0,0
2341478,REAL BETIS BALONCESTO,,6,"MARIN FONTAN, PABLO",18:49,10,2,5,40.0,2,4,50.0,4,9,44.4,0,0,0.0,0,0,0,0,0,2,0,0,0,4,0,-1,-5
2341478,REAL BETIS BALONCESTO,,12,"DOMENECH FONTANA, ADRIA",16:57,5,1,2,50.0,0,0,0.0,1,2,50.0,3,4,75.0,1,1,2,0,0,0,0,0,0,2,2,5,8
2341478,REAL BETIS BALONCESTO,*,16,"DEDOVIC, NEDIM",26:57,5,1,2,50.0,1,3,33.3,2,5,40.0,0,0,0.0,2,1,3,1,0,1,0,0,0,3,0,2,-11
2341478,REAL BETIS BALONCESTO,*,19,"ROGIC, ROKO",21:11,8,0,2,0.0,2,3,66.7,2,5,40.0,2,2,100.0,0,1,1,5,0,3,0,0,0,5,2,5,-4
2341478,REAL BETIS BALONCESTO,*,22,"RAKOCEVIC, NIKOLA",28:43,15,1,5,20.0,4,8,50.0,5,13,38.5,1,1,100.0,2,4,6,2,0,3,0,0,0,2,5,15,-10
2341478,REAL BETIS BALONCESTO,,25,"KRUTWIG, CAMERON DAVID",16:46,2,0,4,0.0,0,0,0.0,0,4,0.0,2,2,100.0,2,3,5,2,1,3,0,0,0,1,1,3,-6
2341478,REAL BETIS BALONCESTO,*,28,"ROMERO FERNANDEZ, ISMAEL",27:02,19,7,9,77.8,0,0,0.0,7,9,77.8,5,7,71.4,3,6,9,1,2,4,0,0,1,2,6,27,-12
2341478,REAL BETIS BALONCESTO,*,33,"KUKSIKS,  RIHARDS",28:22,13,2,5,40.0,3,8,37.5,5,13,38.5,0,0,0.0,2,3,5,3,1,0,0,0,0,3,0,11,-5
2341478,REAL BETIS BALONCESTO,,93,"FEVRY, ILIAM ALEX",14:42,0,0,1,0.0,0,1,0.0,0,2,0.0,0,0,0.0,0,2,2,1,1,2,0,0,0,2,0,-2,0
2341478,MOVISTAR ESTUDIANTES,,1,"DEE, JOHN ANDREW",13:42,0,0,1,0.0,0,2,0.0,0,3,0.0,0,0,0.0,1,0,1,1,0,2,0,0,0,1,0,-4,-9
2341478,MOVISTAR ESTUDIANTES,*,2,"WINTERING, ALEC MARTIN",31:43,25,9,10,90.0,1,1,100.0,10,11,90.9,4,4,100.0,0,4,4,8,3,1,0,0,0,3,6,41,17
2341478,MOVISTAR ESTUDIANTES,,3,"NZOSA MANZILA, YANNICK",10:42,0,0,2,0.0,0,0,0.0,0,2,0.0,0,0,0.0,1,0,1,0,1,2,0,0,0,1,0,-3,-8
2341478,MOVISTAR ESTUDIANTES,,4,"RODRÍGUEZ FEBLES, SERGIO",07:18,2,1,1,100.0,0,2,0.0,1,3,33.3,0,0,0.0,1,0,1,0,1,0,0,0,0,1,0,1,1
2341478,MOVISTAR ESTUDIANTES,,5,"SOLA IDDRISU, ADAMS",11:41,5,1,1,100.0,1,2,50.0,2,3,66.7,0,0,0.0,1,1,2,1,0,3,0,0,0,2,1,3,-10
2341478,MOVISTAR ESTUDIANTES,*,10,"ALONSO MARTÍNEZ, FRANCISCO FERNANDO",26:49,15,2,2,100.0,2,5,40.0,4,7,57.1,5,6,83.3,0,2,2,4,3,0,0,0,0,2,6,24,18
2341478,MOVISTAR ESTUDIANTES,*,11,"MURPHY, ALEX JAMES",20:53,10,3,3,100.0,1,3,33.3,4,6,66.7,1,1,100.0,0,2,2,1,1,0,0,0,0,1,3,14,17
2341478,MOVISTAR ESTUDIANTES,*,13,"LARSEN, KEVIN RICKI",29:18,4,0,4,0.0,0,0,0.0,0,4,0.0,4,6,66.7,2,6,8,1,1,1,0,0,0,3,5,9,17
2341478,MOVISTAR ESTUDIANTES,*,24,"CARRERA GAMBOA, MICHAEL ALBERTO",27:25,17,4,4,100.0,3,8,37.5,7,12,58.3,0,0,0.0,0,4,4,3,0,0,0,0,0,2,2,19,16
2341478,MOVISTAR ESTUDIANTES,,43,"SUAREZ GARCIA-OSORIO, CARLOS",12:35,6,0,0,0.0,2,3,66.7,2,3,66.7,0,0,0.0,0,2,2,0,0,0,0,0,0,0,1,8,-7
2341478,MOVISTAR ESTUDIANTES,,44,"LEIMANIS, TOMS ELVIS",07:54,2,1,2,50.0,0,1,0.0,1,3,33.3,0,0,0.0,0,0,0,0,1,1,0,0,0,0,0,0,-7
2341479,GRUPO URETA TIZONA BURGOS,*,10,"PARRADO CALABRIA, ARNAU",24:34,17,5,7,71.4,1,2,50.0,6,9,66.7,4,4,100.0,1,2,3,2,1,7,0,0,1,4,3,12,16
2341479,GRUPO URETA TIZONA BURGOS,,12,"BÖHM, DAVID",14:59,3,0,2,0.0,1,1,100.0,1,3,33.3,0,0,0.0,1,2,3,0,0,1,0,1,0,1,2,4,-3
2341479,GRUPO URETA TIZONA BURGOS,,13,"VILA SOLEY, RAMON",17:06,6,0,1,0.0,0,0,0.0,0,1,0.0,6,8,75.0,0,3,3,2,0,3,1,0,0,2,4,8,0
2341479,GRUPO URETA TIZONA BURGOS,*,24,"CREMO, JOSEPH ROBERT",15:27,1,0,2,0.0,0,1,0.0,0,3,0.0,1,1,100.0,0,0,0,1,0,1,0,0,0,1,0,-3,-2
2341479,GRUPO URETA TIZONA BURGOS,,35,"SEOANE RODICIO, RODRIGO",19:06,7,2,3,66.7,1,3,33.3,3,6,50.0,0,0,0.0,1,1,2,0,1,0,0,1,0,2,1,6,3
2341479,GRUPO URETA TIZONA BURGOS,*,44,"THIAM, ABDOU",22:54,19,7,7,100.0,0,0,0.0,7,7,100.0,5,5,100.0,3,4,7,0,0,1,0,0,1,2,5,28,16
2341479,GRUPO URETA TIZONA BURGOS,*,50,"DIAZ ALEJANO, JACOBO",22:00,10,1,2,50.0,2,2,100.0,3,4,75.0,2,4,50.0,2,3,5,0,0,0,0,0,0,2,3,13,16
2341479,GRUPO URETA TIZONA BURGOS,,55,"JOFRESA SARRET, GERARD",23:54,27,4,5,80.0,5,6,83.3,9,11,81.8,4,4,100.0,1,2,3,0,1,0,0,0,0,2,2,29,18
2341479,GRUPO URETA TIZONA BURGOS,,60,"ALONSO RUIZ, AYOZE",16:51,7,1,2,50.0,1,2,50.0,2,4,50.0,2,2,100.0,0,0,0,4,1,1,0,0,0,3,4,10,7
2341479,GRUPO URETA TIZONA BURGOS,*,88,"CUEVAS SIMARRO, DIDAC",23:09,12,1,4,25.0,3,5,60.0,4,9,44.4,1,2,50.0,0,3,3,7,2,2,0,2,0,4,2,14,9
2341479,ALIMERKA OVIEDO BALONCESTO,*,6,"RIBAU AMARANTE, FRANCISCO JOSE",15:17,9,2,3,66.7,1,5,20.0,3,8,37.5,2,2,100.0,0,0,0,2,1,1,0,0,0,3,1,4,-11
2341479,ALIMERKA OVIEDO BALONCESTO,,7,"DUSCAK, DAN",18:33,8,0,0,0.0,2,4,50.0,2,4,50.0,2,4,50.0,0,1,1,4,0,1,0,0,0,2,7,13,-6
2341479,ALIMERKA OVIEDO BALONCESTO,*,10,"PEREZ TOMAS, JOSEP",16:06,6,1,1,100.0,1,5,20.0,2,6,33.3,1,1,100.0,0,1,1,1,0,1,0,0,0,1,3,5,-7
2341479,ALIMERKA OVIEDO BALONCESTO,,13,"HORTON, DEMETRIC",27:09,19,5,10,50.0,2,6,33.3,7,16,43.8,3,3,100.0,0,1,1,2,1,4,0,0,0,3,2,9,-14
2341479,ALIMERKA OVIEDO BALONCESTO,*,14,"SANZ ZARANDONA, MIKEL",18:13,3,0,1,0.0,1,1,100.0,1,2,50.0,0,0,0.0,0,0,0,0,0,0,0,0,0,3,0,-1,-14
2341479,ALIMERKA OVIEDO BALONCESTO,,17,"MARTI ROIG, MARC",13:40,7,2,6,33.3,0,0,0.0,2,6,33.3,3,6,50.0,2,2,4,2,2,2,2,1,0,2,3,9,-7
2341479,ALIMERKA OVIEDO BALONCESTO,*,24,"STUCKMAN, TUNNER",30:16,21,3,3,100.0,4,6,66.7,7,9,77.8,3,3,100.0,1,2,3,0,2,1,0,0,0,4,3,22,-9
2341479,ALIMERKA OVIEDO BALONCESTO,*,34,"ELISIAS, HALL",16:42,8,3,4,75.0,0,0,0.0,3,4,75.0,2,2,100.0,1,2,3,0,1,3,1,0,1,4,1,6,-6
2341479,ALIMERKA OVIEDO BALONCESTO,,41,"COSIALLS BORRAS, ROBERT",18:10,9,2,2,100.0,1,1,100.0,3,3,100.0,2,2,100.0,1,1,2,0,1,2,1,0,1,2,2,11,-3
2341479,ALIMERKA OVIEDO BALONCESTO,,55,"LOBACO MUÑOZ, RAUL",25:54,3,0,0,0.0,1,2,50.0,1,2,50.0,0,0,0.0,0,1,1,1,0,1,0,0,0,2,0,1,-3
2341480,AMICS CASTELLÓ,*,0,"NGOM, ABDOULAYE TANOR",14:28,10,4,7,57.1,0,0,0.0,4,7,57.1,2,3,66.7,1,2,3,0,1,1,0,1,1,1,2,10,-8
2341480,AMICS CASTELLÓ,,8,"FANER CATALA, JOAN",15:20,0,0,1,0.0,0,0,0.0,0,1,0.0,0,2,0.0,0,0,0,3,0,1,0,0,0,1,1,-1,-19
2341480,AMICS CASTELLÓ,,10,"MARTINEZ CLARIANA, ALVARO",13:05,5,2,2,100.0,0,0,0.0,2,2,100.0,1,1,100.0,0,2,2,1,1,1,0,0,0,0,1,9,-8
2341480,AMICS CASTELLÓ,,11,"MANCHON CRESPO, DANIEL",21:56,3,1,6,16.7,0,3,0.0,1,9,11.1,1,2,50.0,0,2,2,1,0,2,0,0,0,4,4,-5,-15
2341480,AMICS CASTELLÓ,,12,"BRESSAN, GONZALO",25:54,13,4,6,66.7,0,0,0.0,4,6,66.7,5,9,55.6,2,5,7,2,2,2,2,0,1,1,8,25,-4
2341480,AMICS CASTELLÓ,,20,"JANKOVIC, MILOS",06:17,1,0,2,0.0,0,0,0.0,0,2,0.0,1,2,50.0,3,1,4,0,0,0,0,0,0,0,1,3,0
2341480,AMICS CASTELLÓ,*,24,"HERMANSON, CALVIN ALEXANDER RODEN",22:41,8,0,1,0.0,2,6,33.3,2,7,28.6,2,3,66.7,1,2,3,1,2,2,0,0,0,4,2,4,-3
2341480,AMICS CASTELLÓ,*,30,"FRANCH DE PABLO, JOSEP",24:40,2,1,8,12.5,0,2,0.0,1,10,10.0,0,0,0.0,3,0,3,10,1,2,1,1,0,2,2,6,6
2341480,AMICS CASTELLÓ,*,33,"DOMINGUEZ GONZALEZ, RUBEN",22:18,16,6,10,60.0,1,5,20.0,7,15,46.7,1,1,100.0,1,3,4,1,1,0,0,1,0,4,2,12,0
2341480,AMICS CASTELLÓ,*,42,"STUTZ, FREDERIC GEORGE",33:21,23,6,8,75.0,2,3,66.7,8,11,72.7,5,6,83.3,1,6,7,0,0,0,0,0,0,1,3,28,-14
2341480,LONGEVIDA SAN PABLO BURGOS,,3,"SPEIGHT, MICAH MARQUIS",19:16,3,0,1,0.0,1,6,16.7,1,7,14.3,0,0,0.0,0,2,2,5,1,2,0,0,0,0,0,3,-2
2341480,LONGEVIDA SAN PABLO BURGOS,,4,"ADALA MOTO, ARNAUD WILLIAM",11:23,3,0,0,0.0,1,3,33.3,1,3,33.3,0,0,0.0,0,4,4,0,0,2,0,0,0,3,0,0,1
2341480,LONGEVIDA SAN PABLO BURGOS,*,9,"BARRERA PASAN, ALEJANDRO",16:51,11,1,2,50.0,3,6,50.0,4,8,50.0,0,0,0.0,0,4,4,1,0,0,0,0,0,0,1,13,7
2341480,LONGEVIDA SAN PABLO BURGOS,*,10,"CORBALAN, GONZALO",20:44,7,0,1,0.0,1,4,25.0,1,5,20.0,4,5,80.0,0,3,3,4,7,5,0,1,0,2,3,12,15
2341480,LONGEVIDA SAN PABLO BURGOS,*,11,"VENE, SIIM-SANDER",19:51,18,2,3,66.7,4,5,80.0,6,8,75.0,2,2,100.0,1,4,5,0,0,0,0,0,1,3,1,19,7
2341480,LONGEVIDA SAN PABLO BURGOS,,13,"KASIBABU SHILALA, JONATHAN",11:02,7,3,4,75.0,0,0,0.0,3,4,75.0,1,1,100.0,1,3,4,0,0,0,0,1,0,4,1,7,8
2341480,LONGEVIDA SAN PABLO BURGOS,,15,"ROSA POMPIDO, IGNACIO",13:58,6,0,1,0.0,1,4,25.0,1,5,20.0,3,4,75.0,1,3,4,1,0,2,0,0,0,2,4,6,-1
2341480,LONGEVIDA SAN PABLO BURGOS,,16,"JIMENEZ GARRIDO, MILLAN",23:09,8,1,2,50.0,2,3,66.7,3,5,60.0,0,0,0.0,3,2,5,0,0,1,1,1,0,4,2,9,6
2341480,LONGEVIDA SAN PABLO BURGOS,*,31,"LAPORNIK, MIHA",24:43,22,6,8,75.0,3,4,75.0,9,12,75.0,1,2,50.0,0,0,0,4,1,1,0,0,0,3,3,22,19
2341480,LONGEVIDA SAN PABLO BURGOS,*,40,"FISCHER, LUCAS JAMES",23:46,7,2,5,40.0,1,1,100.0,3,6,50.0,0,2,0.0,1,7,8,0,0,1,2,0,0,3,2,10,11
2341480,LONGEVIDA SAN PABLO BURGOS,,44,"ALI, PRINCE ADAMS",15:17,2,1,4,25.0,0,2,0.0,1,6,16.7,0,0,0.0,1,2,3,2,0,1,0,0,0,2,1,0,-6
2341481,GUUK GIPUZKOA BASKET,*,3,"BARCELLO, ALEXANDER MICHAEL",34:37,17,6,12,50.0,0,2,0.0,6,14,42.9,5,6,83.3,2,4,6,4,0,1,0,1,0,2,6,21,8
2341481,GUUK GIPUZKOA BASKET,,5,"CARLSON, MICHAEL KAZ",23:00,19,3,3,100.0,4,6,66.7,7,9,77.8,1,3,33.3,0,2,2,0,1,1,0,0,0,2,1,16,5
2341481,GUUK GIPUZKOA BASKET,*,7,"OROZ URIA, XABIER",27:48,7,2,4,50.0,1,2,50.0,3,6,50.0,0,0,0.0,2,8,10,2,1,2,0,0,0,2,2,15,8
2341481,GUUK GIPUZKOA BASKET,*,8,"STÜRUP, MADS BONDE",18:23,0,0,0,0.0,0,2,0.0,0,2,0.0,0,0,0.0,0,1,1,1,0,2,0,0,0,1,1,-2,6
2341481,GUUK GIPUZKOA BASKET,,9,"MOTOS CABODEVILLA, MIKEL",16:16,6,3,5,60.0,0,1,0.0,3,6,50.0,0,0,0.0,1,0,1,1,1,2,0,0,0,4,0,0,11
2341481,GUUK GIPUZKOA BASKET,,10,"ANSORREGUI DEBA, MANEX",13:20,1,0,1,0.0,0,2,0.0,0,3,0.0,1,2,50.0,1,1,2,3,1,1,0,0,0,2,1,1,-7
2341481,GUUK GIPUZKOA BASKET,*,11,"VRANKIC, JOSIP",15:29,6,3,5,60.0,0,1,0.0,3,6,50.0,0,0,0.0,3,3,6,2,1,1,0,0,0,3,0,8,11
2341481,GUUK GIPUZKOA BASKET,,12,"HARRELL, MASON ZANE",11:07,6,3,3,100.0,0,1,0.0,3,4,75.0,0,0,0.0,1,0,1,0,0,1,0,0,0,1,1,5,2
2341481,GUUK GIPUZKOA BASKET,*,15,"AURRECOECHEA ALCOLADO, IVAN",25:56,15,7,13,53.8,0,0,0.0,7,13,53.8,1,5,20.0,4,5,9,0,0,1,0,0,1,2,7,18,9
2341481,GUUK GIPUZKOA BASKET,,55,"MARCIUS, ALEKSANDAR",14:04,4,0,2,0.0,0,0,0.0,0,2,0.0,4,4,100.0,4,2,6,0,0,1,0,0,0,2,2,7,2
2341481,BALONCESTO FUENLABRADA,,4,"DIAZ, MATEO",13:48,4,2,6,33.3,0,2,0.0,2,8,25.0,0,0,0.0,0,2,2,0,0,2,0,0,0,3,0,-5,-9
2341481,BALONCESTO FUENLABRADA,,5,"ARANITOVIC, PETAR",26:14,17,4,7,57.1,2,5,40.0,6,12,50.0,3,3,100.0,0,0,0,1,1,3,0,0,0,0,3,13,-3
2341481,BALONCESTO FUENLABRADA,*,7,"BELLAS GARCIA, TOMAS",27:21,10,2,2,100.0,2,7,28.6,4,9,44.4,0,0,0.0,0,0,0,2,0,2,0,0,0,2,2,5,-6
2341481,BALONCESTO FUENLABRADA,,9,"BILBAO TORRONTEGUI, JORGE ALAIN",13:08,4,2,2,100.0,0,1,0.0,2,3,66.7,0,0,0.0,2,1,3,0,0,1,0,0,1,3,0,2,-8
2341481,BALONCESTO FUENLABRADA,,12,"EHIGITOR EHIGITOR, OSAS",14:21,2,0,0,0.0,0,0,0.0,0,0,0.0,2,4,50.0,0,0,0,2,0,0,0,0,0,2,5,5,-3
2341481,BALONCESTO FUENLABRADA,*,15,"MC GREW, TANNER BRYCE",32:01,14,4,5,80.0,1,4,25.0,5,9,55.6,3,6,50.0,1,3,4,1,1,0,0,0,0,2,7,18,-15
2341481,BALONCESTO FUENLABRADA,*,16,"DURAN RUIZ, EDUARDO",18:13,2,1,3,33.3,0,3,0.0,1,6,16.7,0,0,0.0,0,1,1,0,1,0,0,0,0,2,2,-1,-13
2341481,BALONCESTO FUENLABRADA,,17,"MACOHA, RODIJS",10:05,4,2,2,100.0,0,0,0.0,2,2,100.0,0,0,0.0,0,3,3,0,0,0,0,0,0,1,0,6,1
2341481,BALONCESTO FUENLABRADA,*,21,"VAN ZEGEREN, JOHAN WILLEM",20:14,6,3,4,75.0,0,0,0.0,3,4,75.0,0,2,0.0,1,2,3,2,0,0,1,0,1,5,2,6,4
2341481,BALONCESTO FUENLABRADA,*,55,"MESICEK, BLAZ",24:35,7,2,2,100.0,1,5,20.0,3,7,42.9,0,0,0.0,0,1,1,0,0,0,0,0,0,1,0,3,-3
2341482,RIOVERDE CLAVIJO,,1,"MORENO TRUJILLO, ALBERTO",17:58,6,3,8,37.5,0,2,0.0,3,10,30.0,0,0,0.0,0,2,2,1,0,2,0,0,0,4,1,-3,10
2341482,RIOVERDE CLAVIJO,*,5,"DE PABLO DEL CASTILLO, MIGUEL",14:42,2,1,3,33.3,0,2,0.0,1,5,20.0,0,0,0.0,0,1,1,1,2,2,0,1,0,2,0,-2,-2
2341482,RIOVERDE CLAVIJO,*,7,"ESTEVES-GARCIA COFFI, JUAN ALBERTO",22:29,8,3,7,42.9,0,2,0.0,3,9,33.3,2,4,50.0,1,3,4,5,1,0,0,0,0,2,5,13,-1
2341482,RIOVERDE CLAVIJO,,9,"ARBOSA ROLDAN, HUGO",07:07,0,0,1,0.0,0,0,0.0,0,1,0.0,0,0,0.0,2,1,3,0,0,0,0,0,0,0,0,2,-1
2341482,RIOVERDE CLAVIJO,,10,"CABRERA GARRANCHO, ALBERTO",24:30,6,0,1,0.0,0,0,0.0,0,1,0.0,6,6,100.0,0,2,2,6,2,2,0,0,0,3,4,14,10
2341482,RIOVERDE CLAVIJO,*,12,"NICOLAU ALEDON, JAVIER",24:34,18,8,10,80.0,0,0,0.0,8,10,80.0,2,4,50.0,2,5,7,1,0,2,1,0,1,2,6,25,19
2341482,RIOVERDE CLAVIJO,,14,"TAMBA VILLEN, ISMAEL",22:11,7,3,8,37.5,0,0,0.0,3,8,37.5,1,2,50.0,2,4,6,1,1,1,2,1,1,3,2,9,-4
2341482,RIOVERDE CLAVIJO,,23,"NORRIS JR, ANDRE LAZAR",26:49,10,4,7,57.1,0,1,0.0,4,8,50.0,2,4,50.0,2,2,4,2,0,1,1,0,0,1,2,11,11
2341482,RIOVERDE CLAVIJO,,33,"TORRES CUEVAS, KEVIN",09:39,0,0,0,0.0,0,1,0.0,0,1,0.0,0,0,0.0,0,3,3,0,0,0,1,0,0,2,0,1,0
2341482,RIOVERDE CLAVIJO,*,55,"TREVIÑO QUINTILLA, PAU",09:57,0,0,0,0.0,0,0,0.0,0,0,0.0,0,0,0.0,0,0,0,0,1,1,0,0,0,4,0,-4,1
2341482,RIOVERDE CLAVIJO,*,77,"KNUDSEN, DAVID ERIK",20:04,7,2,2,100.0,1,4,25.0,3,6,50.0,0,0,0.0,0,0,0,3,0,0,0,0,0,1,1,7,2
2341482,HESTIA MENORCA,*,3,"TOMAIC TOMAIC, JOSHUA TYRON",06:39,0,0,0,0.0,0,1,0.0,0,1,0.0,0,0,0.0,0,1,1,0,0,1,0,0,0,2,0,-3,-7
2341482,HESTIA MENORCA,,4,"SANZ BARRIO, ALVARO MIGUEL",15:04,0,0,2,0.0,0,0,0.0,0,2,0.0,0,0,0.0,1,0,1,1,1,4,0,0,0,5,1,-7,-2
2341482,HESTIA MENORCA,,7,"LO, OMAR KABIR",29:53,2,1,7,14.3,0,0,0.0,1,7,14.3,0,3,0.0,5,3,8,3,1,3,0,2,1,2,4,4,-3
2341482,HESTIA MENORCA,*,11,"HANNAH, CLEVIN FINLEY",35:54,6,0,5,0.0,2,5,40.0,2,10,20.0,0,0,0.0,0,1,1,3,1,0,0,1,0,2,2,3,-6
2341482,HESTIA MENORCA,*,12,"ALDERETE DIAZ, DIEGO",26:46,1,0,0,0.0,0,3,0.0,0,3,0.0,1,2,50.0,0,3,3,0,0,3,0,0,0,2,2,-3,-1
2341482,HESTIA MENORCA,*,15,"MOLINS CALDERON, POL",29:52,24,3,10,30.0,3,6,50.0,6,16,37.5,9,12,75.0,0,4,4,1,1,2,0,1,0,3,12,24,-11
2341482,HESTIA MENORCA,,17,"STOILOV, EMIL EMILOV",08:42,3,0,0,0.0,0,0,0.0,0,0,0.0,3,4,75.0,0,2,2,0,0,1,0,0,0,1,2,4,3
2341482,HESTIA MENORCA,,22,"SUÁREZ CUSTODIO, PABLO",07:03,0,0,0,0.0,0,0,0.0,0,0,0.0,0,0,0.0,1,2,3,1,0,0,0,0,0,1,0,3,1
2341482,HESTIA MENORCA,,67,"TAMAYO LESMES, ALEX",08:57,3,0,1,0.0,1,1,100.0,1,2,50.0,0,0,0.0,0,0,0,0,1,1,0,0,0,1,0,1,-7
2341482,HESTIA MENORCA,*,77,"ARTEAGA GONZALEZ, VICTOR JESUS",31:10,16,7,9,77.8,0,0,0.0,7,9,77.8,2,2,100.0,4,5,9,1,1,2,2,1,1,2,1,24,-12
2341483,MOVISTAR ESTUDIANTES,,1,"DEE, JOHN ANDREW",15:34,13,2,3,66.7,3,6,50.0,5,9,55.6,0,0,0.0,0,0,0,2,1,0,0,0,0,1,1,12,12
2341483,MOVISTAR ESTUDIANTES,*,2,"WINTERING, ALEC MARTIN",21:19,11,3,5,60.0,1,2,50.0,4,7,57.1,2,4,50.0,0,0,0,3,2,2,0,1,0,1,5,13,9
2341483,MOVISTAR ESTUDIANTES,,3,"NZOSA MANZILA, YANNICK",15:14,2,1,2,50.0,0,0,0.0,1,2,50.0,0,0,0.0,2,2,4,0,1,2,0,0,0,3,1,2,-2
2341483,MOVISTAR ESTUDIANTES,,4,"RODRÍGUEZ FEBLES, SERGIO",05:03,2,1,2,50.0,0,2,0.0,1,4,25.0,0,0,0.0,0,0,0,0,0,0,0,0,0,0,0,-1,-6
2341483,MOVISTAR ESTUDIANTES,,5,"SOLA IDDRISU, ADAMS",28:34,4,2,3,66.7,0,1,0.0,2,4,50.0,0,0,0.0,1,1,2,3,0,0,0,0,0,1,1,7,14
2341483,MOVISTAR ESTUDIANTES,,8,"LOPEZ BARRANTES, HUGO",08:52,2,1,2,50.0,0,0,0.0,1,2,50.0,0,0,0.0,2,2,4,0,0,1,1,0,0,2,0,3,-3
2341483,MOVISTAR ESTUDIANTES,*,10,"ALONSO MARTÍNEZ, FRANCISCO FERNANDO",23:27,16,4,6,66.7,1,5,20.0,5,11,45.5,5,5,100.0,1,2,3,4,1,1,0,0,0,2,3,18,6
2341483,MOVISTAR ESTUDIANTES,*,11,"MURPHY, ALEX JAMES",18:36,10,5,5,100.0,0,4,0.0,5,9,55.6,0,0,0.0,0,2,2,2,0,1,0,0,1,2,0,7,7
2341483,MOVISTAR ESTUDIANTES,*,13,"LARSEN, KEVIN RICKI",19:17,9,3,6,50.0,0,0,0.0,3,6,50.0,3,4,75.0,1,3,4,1,2,1,0,0,0,0,2,13,11
2341483,MOVISTAR ESTUDIANTES,*,24,"CARRERA GAMBOA, MICHAEL ALBERTO",14:08,7,1,3,33.3,1,1,100.0,2,4,50.0,2,2,100.0,0,4,4,1,0,0,0,0,0,4,3,9,6
2341483,MOVISTAR ESTUDIANTES,,43,"SUAREZ GARCIA-OSORIO, CARLOS",15:17,9,0,0,0.0,3,4,75.0,3,4,75.0,0,0,0.0,1,3,4,4,0,0,1,0,0,0,2,19,21
2341483,MOVISTAR ESTUDIANTES,,44,"LEIMANIS, TOMS ELVIS",14:39,8,0,1,0.0,2,3,66.7,2,4,50.0,2,2,100.0,0,1,1,2,0,1,0,0,0,2,4,10,15
2341483,HLA ALICANTE,,0,"SERRANO ALVAREZ, MIGUEL",08:16,0,0,3,0.0,0,0,0.0,0,3,0.0,0,0,0.0,1,2,3,0,1,3,0,1,0,1,0,-3,-12
2341483,HLA ALICANTE,*,1,"HARRIS, TYLER REED",33:02,16,6,7,85.7,1,3,33.3,7,10,70.0,1,3,33.3,0,3,3,3,0,3,0,0,0,3,4,15,-18
2341483,HLA ALICANTE,*,4,"DAVISON, BRADLEY JAMES",28:15,7,2,5,40.0,0,2,0.0,2,7,28.6,3,5,60.0,0,4,4,1,0,1,0,0,0,3,4,5,-13
2341483,HLA ALICANTE,,6,"GUDMUNDSSON, JON AXEL",26:45,16,3,6,50.0,3,4,75.0,6,10,60.0,1,3,33.3,0,1,1,3,1,5,0,1,0,2,3,11,-12
2341483,HLA ALICANTE,,7,"BERCY, KEVIN RICHARD",21:55,17,6,11,54.5,1,2,50.0,7,13,53.8,2,2,100.0,5,2,7,0,0,0,0,0,0,0,2,20,-9
2341483,HLA ALICANTE,*,11,"BALINT, RICHARD",17:19,3,1,2,50.0,0,1,0.0,1,3,33.3,1,2,50.0,1,0,1,1,1,1,0,0,0,1,1,2,-15
2341483,HLA ALICANTE,*,12,"GATELL SANZ, EDUARD",22:07,4,2,4,50.0,0,0,0.0,2,4,50.0,0,0,0.0,1,5,6,2,0,1,1,0,0,4,1,7,-16
2341483,HLA ALICANTE,*,15,"KOSTADINOV, KONSTANTIN IROLAVOV",10:23,8,3,4,75.0,0,1,0.0,3,5,60.0,2,3,66.7,2,0,2,0,1,0,0,0,2,4,2,6,1
2341483,HLA ALICANTE,,34,"BARRO, SERIGNE M M SY DIT DIAMIL",17:14,4,1,4,25.0,0,0,0.0,1,4,25.0,2,2,100.0,1,1,2,0,0,1,0,0,1,3,1,0,0
2341483,HLA ALICANTE,,44,"HOOK, DAVID PATRIK",14:44,0,0,1,0.0,0,0,0.0,0,1,0.0,0,0,0.0,0,0,0,0,0,0,0,0,0,1,0,-2,4
2341484,CLUB OURENSE BALONCESTO,,0,"PALAZUELOS PEREZ, ALVARO",14:16,7,0,1,0.0,2,4,50.0,2,5,40.0,1,2,50.0,0,0,0,4,0,0,0,0,0,3,1,5,3
2341484,CLUB OURENSE BALONCESTO,,3,"MENDICOTE RUBIO, UNAI",10:10,0,0,0,0.0,0,1,0.0,0,1,0.0,0,0,0.0,0,0,0,0,0,1,0,0,0,1,0,-3,-9
2341484,CLUB OURENSE BALONCESTO,*,6,"PETER-MCNEILLY, ADIKA O'NEILL",25:44,7,2,5,40.0,1,1,100.0,3,6,50.0,0,0,0.0,1,2,3,3,2,2,0,0,0,1,1,10,9
2341484,CLUB OURENSE BALONCESTO,*,8,"JAWARA, KARAMO",28:47,11,3,6,50.0,1,2,50.0,4,8,50.0,2,2,100.0,4,9,13,4,1,4,0,0,0,2,7,26,20
2341484,CLUB OURENSE BALONCESTO,,10,"LLORENTE PAZ, SERGIO ANTONIO",17:55,12,1,2,50.0,3,4,75.0,4,6,66.7,1,2,50.0,0,1,1,4,1,2,0,0,0,4,2,11,9
2341484,CLUB OURENSE BALONCESTO,*,11,"LOPEZ SANTANA, JAVIER",22:05,7,2,2,100.0,1,2,50.0,3,4,75.0,0,0,0.0,0,2,2,4,1,1,0,0,0,0,1,13,5
2341484,CLUB OURENSE BALONCESTO,,12,"RODRÍGUEZ RAMOS, SAMUEL",15:54,5,1,2,50.0,1,2,50.0,2,4,50.0,0,0,0.0,2,1,3,0,0,3,0,0,0,4,0,-1,0
2341484,CLUB OURENSE BALONCESTO,*,23,"KACINAS, MINDAUGAS",29:46,11,1,4,25.0,2,8,25.0,3,12,25.0,3,4,75.0,3,4,7,1,0,1,0,0,0,0,3,11,19
2341484,CLUB OURENSE BALONCESTO,,35,"GILL, ROMARO JILORNEY",11:46,0,0,1,0.0,0,0,0.0,0,1,0.0,0,0,0.0,0,2,2,0,0,0,1,0,0,3,1,0,-5
2341484,CLUB OURENSE BALONCESTO,*,41,"RADIC, IVICA",23:37,13,5,10,50.0,0,0,0.0,5,10,50.0,3,8,37.5,2,3,5,1,0,3,1,0,0,2,8,13,9
2341484,CACERES PATRIMONIO DE LA HUMANIDAD,,1,"RODRIGO FERNANDEZ DE HEREDIA, PABLO",16:33,9,3,5,60.0,1,2,50.0,4,7,57.1,0,0,0.0,4,0,4,1,0,2,0,0,0,3,3,9,-7
2341484,CACERES PATRIMONIO DE LA HUMANIDAD,*,2,"BONILLA SILVA, YAHIR GAEL",18:49,2,1,4,25.0,0,0,0.0,1,4,25.0,0,0,0.0,0,2,2,3,0,2,0,0,0,1,0,1,-17
2341484,CACERES PATRIMONIO DE LA HUMANIDAD,*,4,"ATENCIA SUAREZ, HANSEL GIOVANNI",20:26,0,0,1,0.0,0,2,0.0,0,3,0.0,0,0,0.0,0,0,0,4,0,2,0,0,0,1,1,-1,-28
2341484,CACERES PATRIMONIO DE LA HUMANIDAD,,11,"RAITANEN, REMU EMIL",28:03,13,5,7,71.4,0,3,0.0,5,10,50.0,3,4,75.0,3,1,4,1,4,1,0,0,0,4,3,14,3
2341484,CACERES PATRIMONIO DE LA HUMANIDAD,*,12,"CEPUKAITIS, VAIDAS",08:43,0,0,2,0.0,0,0,0.0,0,2,0.0,0,0,0.0,1,3,4,0,0,2,0,0,0,3,0,-3,-7
2341484,CACERES PATRIMONIO DE LA HUMANIDAD,,20,"DA SILVA ANDRÉ, DIKEMBE",26:09,5,2,6,33.3,0,0,0.0,2,6,33.3,1,4,25.0,2,7,9,4,1,1,0,0,0,4,5,12,7
2341484,CACERES PATRIMONIO DE LA HUMANIDAD,*,22,"GANTT, GREGORY ROBERT",33:14,20,3,3,100.0,4,5,80.0,7,8,87.5,2,2,100.0,0,1,1,2,2,3,0,0,0,1,2,22,-14
2341484,CACERES PATRIMONIO DE LA HUMANIDAD,,24,"RODRIGUEZ GARCIA, DANIEL",19:30,9,0,3,0.0,3,5,60.0,3,8,37.5,0,0,0.0,0,1,1,4,0,2,0,1,0,4,3,6,16
2341484,CACERES PATRIMONIO DE LA HUMANIDAD,*,33,"SANTANA LUCHORO, JUAN JOSE",16:11,0,0,3,0.0,0,3,0.0,0,6,0.0,0,0,0.0,0,2,2,0,1,2,0,1,0,2,3,-4,-27
2341484,CACERES PATRIMONIO DE LA HUMANIDAD,,88,"CARREÑO VIDAL, PAU",12:22,3,0,0,0.0,1,3,33.3,1,3,33.3,0,0,0.0,0,1,1,0,0,1,0,0,0,1,0,0,14
2341485,GRUPO ALEGA CANTABRIA,*,3,"VOYTSO, VLADYSLAV",26:42,11,2,3,66.7,2,4,50.0,4,7,57.1,1,3,33.3,0,9,9,1,1,1,0,1,1,0,2,18,4
2341485,GRUPO ALEGA CANTABRIA,*,5,"LITTLESON, SPENCER PHILLIP",24:06,17,3,4,75.0,3,5,60.0,6,9,66.7,2,2,100.0,0,0,0,0,1,1,0,0,0,4,1,11,7
2341485,GRUPO ALEGA CANTABRIA,*,7,"BULIC, MIRZA",32:19,20,8,17,47.1,0,1,0.0,8,18,44.4,4,5,80.0,2,9,11,5,4,2,0,0,0,2,4,29,8
2341485,GRUPO ALEGA CANTABRIA,,11,"KLAVZAR, URBAN",17:04,3,0,4,0.0,1,1,100.0,1,5,20.0,0,0,0.0,1,0,1,1,0,1,0,1,0,1,1,0,3
2341485,GRUPO ALEGA CANTABRIA,,13,"NOGUES JARNE, JOSE IGNACIO",13:29,0,0,1,0.0,0,0,0.0,0,1,0.0,0,0,0.0,2,2,4,1,0,2,0,0,0,4,0,-2,8
2341485,GRUPO ALEGA CANTABRIA,,14,"WALKER JR, DERRICK LAMONT",21:18,4,2,3,66.7,0,0,0.0,2,3,66.7,0,0,0.0,2,5,7,1,1,3,0,0,0,3,0,6,10
2341485,GRUPO ALEGA CANTABRIA,*,22,"SANS VALLS, AGUSTI",28:46,10,0,8,0.0,3,3,100.0,3,11,27.3,1,2,50.0,0,0,0,1,3,1,0,1,0,3,3,4,6
2341485,GRUPO ALEGA CANTABRIA,,23,"PEÑARROYA CASTILLA, MARC",11:03,2,1,3,33.3,0,2,0.0,1,5,20.0,0,2,0.0,0,1,1,1,0,1,0,0,0,1,4,0,6
2341485,GRUPO ALEGA CANTABRIA,,34,"NIANG BEYE, SERIGNE FALLOU",06:31,3,0,0,0.0,1,2,50.0,1,2,50.0,0,0,0.0,0,3,3,0,0,1,0,0,0,1,0,3,6
2341485,GRUPO ALEGA CANTABRIA,*,41,"RADUNIC, MATEJ",18:42,5,1,3,33.3,1,3,33.3,2,6,33.3,0,0,0.0,0,5,5,2,0,1,0,0,1,1,2,8,2
2341485,ICG FORÇA LLEIDA,,0,"DE SOUSA ANJO BRITO, DIOGO EMANUEL",13:32,5,1,2,50.0,0,4,0.0,1,6,16.7,3,4,75.0,0,3,3,0,0,1,0,0,0,1,3,3,-6
2341485,ICG FORÇA LLEIDA,*,3,"MATULIONIS, OSVALDAS",26:28,0,0,4,0.0,0,3,0.0,0,7,0.0,0,0,0.0,0,1,1,2,1,1,0,0,0,4,0,-8,-6
2341485,ICG FORÇA LLEIDA,*,4,"VILLAR CORNAGO, RAFAEL",25:29,3,1,1,100.0,0,1,0.0,1,2,50.0,1,4,25.0,1,5,6,1,0,1,1,0,0,1,5,10,-13
2341485,ICG FORÇA LLEIDA,,6,"CUELLAR GARCIA, DAVID",03:34,0,0,0,0.0,0,0,0.0,0,0,0.0,0,0,0.0,0,1,1,0,0,0,0,0,0,1,0,0,1
2341485,ICG FORÇA LLEIDA,,10,"VEGA MERAYO, JAVIER",20:51,9,0,3,0.0,3,6,50.0,3,9,33.3,0,0,0.0,0,0,0,1,0,1,0,0,0,2,0,1,-8
2341485,ICG FORÇA LLEIDA,,13,"LOBO MARTORELL, JAUME",10:39,6,1,3,33.3,0,4,0.0,1,7,14.3,4,5,80.0,0,1,1,1,1,0,0,0,0,1,4,5,-9
2341485,ICG FORÇA LLEIDA,,23,"KUATH, KUR NYOK",28:44,15,6,11,54.5,0,0,0.0,6,11,54.5,3,3,100.0,2,8,10,0,0,1,1,0,3,2,3,21,-8
2341485,ICG FORÇA LLEIDA,,24,"ARROYO VARELA, IGNACIO ANDRES",21:18,4,2,4,50.0,0,1,0.0,2,5,40.0,0,0,0.0,3,2,5,4,3,2,0,0,0,1,3,13,3
2341485,ICG FORÇA LLEIDA,*,32,"THOMAS, QUINTROLL DAROLL",11:16,8,4,6,66.7,0,0,0.0,4,6,66.7,0,0,0.0,0,2,2,0,0,3,1,0,0,0,0,6,-4
2341485,ICG FORÇA LLEIDA,*,33,"SIMEUNOVIC, DJORDJE",15:35,3,1,2,50.0,0,2,0.0,1,4,25.0,1,2,50.0,1,2,3,1,2,0,0,0,0,2,1,4,-5
2341485,ICG FORÇA LLEIDA,*,41,"HASBROUCK, KENNETH BRIAN",22:34,10,1,2,50.0,2,5,40.0,3,7,42.9,2,3,66.7,0,1,1,2,2,3,0,0,0,3,1,5,-5
2341486,UEMC REAL VALLADOLID BALONCESTO,*,0,"SCHMIDT, DEVIN LAWRENCE",28:52,14,7,12,58.3,0,4,0.0,7,16,43.8,0,0,0.0,0,3,3,4,2,1,1,0,0,2,1,13,-6
2341486,UEMC REAL VALLADOLID BALONCESTO,,1,"COSTA VAZQUEZ, SERGI",14:07,3,0,2,0.0,1,1,100.0,1,3,33.3,0,0,0.0,0,1,1,4,0,0,0,0,0,0,0,6,-10
2341486,UEMC REAL VALLADOLID BALONCESTO,*,3,"TORRES CUEVAS, MICHAEL",28:53,21,3,7,42.9,4,5,80.0,7,12,58.3,3,4,75.0,2,1,3,5,0,1,0,1,0,2,7,27,-8
2341486,UEMC REAL VALLADOLID BALONCESTO,,5,"GARCIA-ABRIL GUERRERO, JUAN",02:27,0,0,0,0.0,0,0,0.0,0,0,0.0,0,0,0.0,0,0,0,0,0,0,0,0,0,2,0,-2,-4
2341486,UEMC REAL VALLADOLID BALONCESTO,,6,"PUIDET, JAAN",15:53,3,1,1,100.0,0,2,0.0,1,3,33.3,1,1,100.0,2,1,3,0,0,1,0,0,0,1,1,3,-9
2341486,UEMC REAL VALLADOLID BALONCESTO,,8,"ROYO ARGOTE, IÑIGO",13:31,2,1,1,100.0,0,0,0.0,1,1,100.0,0,2,0.0,1,2,3,0,1,1,0,0,0,0,2,5,1
2341486,UEMC REAL VALLADOLID BALONCESTO,,10,"N'GUESSAN, MARINUS LUCAS",15:15,5,2,2,100.0,0,0,0.0,2,2,100.0,1,2,50.0,2,4,6,0,0,0,1,0,0,2,2,11,-8
2341486,UEMC REAL VALLADOLID BALONCESTO,,20,"KOVACEVIC, MAJ",07:50,6,0,0,0.0,2,2,100.0,2,2,100.0,0,0,0.0,0,0,0,0,0,0,0,0,0,1,1,6,-6
2341486,UEMC REAL VALLADOLID BALONCESTO,,22,"DE LA FUENTE VALDIZAN, SERGIO",22:17,16,4,8,50.0,2,5,40.0,6,13,46.2,2,4,50.0,3,3,6,1,1,1,0,0,0,0,3,17,-18
2341486,UEMC REAL VALLADOLID BALONCESTO,*,23,"FERNANDEZ MANZANARES, JAIME",04:25,0,0,1,0.0,0,0,0.0,0,1,0.0,0,0,0.0,0,2,2,1,0,0,0,0,0,3,0,-1,0
2341486,UEMC REAL VALLADOLID BALONCESTO,*,24,"NWOGBO, LOTANNA  AFAM",24:32,18,5,8,62.5,1,1,100.0,6,9,66.7,5,6,83.3,0,1,1,0,1,1,0,1,1,4,6,17,-9
2341486,UEMC REAL VALLADOLID BALONCESTO,*,35,"BELEMENE DZABATOU, JUDICAEL ROMARIC",21:58,6,0,0,0.0,2,4,50.0,2,4,50.0,0,0,0.0,2,1,3,0,0,0,0,0,0,1,0,6,-8
2341486,LEYMA CORUÑA,,4,"ARIS PETERSEN, SEBASTIAN",13:55,6,0,2,0.0,2,3,66.7,2,5,40.0,0,0,0.0,0,0,0,2,0,0,0,0,0,3,1,3,-6
2341486,LEYMA CORUÑA,*,7,"JAKOVICS, INGUS",20:01,6,0,0,0.0,1,5,20.0,1,5,20.0,3,4,75.0,0,1,1,9,0,4,0,0,0,2,2,7,14
2341486,LEYMA CORUÑA,*,8,"HUSKIC, GORAN",25:21,19,8,9,88.9,1,2,50.0,9,11,81.8,0,1,0.0,1,5,6,5,0,0,1,0,0,2,2,28,16
2341486,LEYMA CORUÑA,*,9,"LUNDQVIST, KARL OLLE VIKTOR",19:00,10,3,8,37.5,0,0,0.0,3,8,37.5,4,5,80.0,0,0,0,2,0,0,0,1,0,1,3,8,3
2341486,LEYMA CORUÑA,,12,"DIAGNE, ATOUMANE",09:35,4,1,1,100.0,0,0,0.0,1,1,100.0,2,8,25.0,0,4,4,0,1,0,1,0,1,3,5,6,0
2341486,LEYMA CORUÑA,,15,"HERNANDEZ MONTENEGRO, PABLO",10:53,0,0,0,0.0,0,0,0.0,0,0,0.0,0,0,0.0,0,1,1,2,0,1,0,0,0,2,1,1,-2
2341486,LEYMA CORUÑA,,22,"FONT RODRIGUEZ, ALEIX",19:02,16,1,1,100.0,3,6,50.0,4,7,57.1,5,5,100.0,0,3,3,0,0,1,0,0,0,3,2,14,12
2341486,LEYMA CORUÑA,*,23,"BARRUETA, YUNIO RAFAEL",26:19,31,2,2,100.0,9,11,81.8,11,13,84.6,0,0,0.0,0,0,0,0,0,2,0,0,1,1,0,26,13
2341486,LEYMA CORUÑA,,24,"MC DONNELL, SEAN WILLIAM",27:12,11,1,1,100.0,3,4,75.0,4,5,80.0,0,1,0.0,1,4,5,2,1,0,0,0,0,1,1,17,13
2341486,LEYMA CORUÑA,,30,"HERNANDEZ MAIQUEZ, ALEJANDRO",10:32,2,1,2,50.0,0,0,0.0,1,2,50.0,0,0,0.0,0,1,1,2,0,0,0,0,0,0,1,5,13
2341486,LEYMA CORUÑA,*,57,"GALAN POZO, ALEJANDRO",18:10,6,0,2,0.0,2,2,100.0,2,4,50.0,0,0,0.0,2,1,3,1,0,0,0,1,0,5,0,3,9
